# Zentra XR sample model: torusknot
v 0.5700 0.0000 0.0000
v 0.5528 0.0237 -0.0473
v 0.5078 0.0383 -0.0766
v 0.4522 0.0383 -0.0766
v 0.4072 0.0237 -0.0473
v 0.3900 0.0000 -0.0000
v 0.4072 -0.0237 0.0473
v 0.4522 -0.0383 0.0766
v 0.5078 -0.0383 0.0766
v 0.5528 -0.0237 0.0473
v 0.5632 0.0714 0.0273
v 0.5420 0.0912 -0.0202
v 0.4950 0.0969 -0.0495
v 0.4404 0.0865 -0.0495
v 0.3989 0.0638 -0.0202
v 0.3864 0.0376 0.0273
v 0.4077 0.0178 0.0747
v 0.4546 0.0121 0.1040
v 0.5093 0.0225 0.1040
v 0.5507 0.0452 0.0747
v 0.5433 0.1400 0.0538
v 0.5190 0.1547 0.0060
v 0.4720 0.1512 -0.0236
v 0.4202 0.1307 -0.0236
v 0.3836 0.1011 0.0060
v 0.3759 0.0737 0.0538
v 0.4002 0.0590 0.1016
v 0.4472 0.0626 0.1311
v 0.4989 0.0830 0.1311
v 0.5356 0.1126 0.1016
v 0.5112 0.2032 0.0787
v 0.4852 0.2121 0.0303
v 0.4401 0.1993 0.0004
v 0.3931 0.1696 0.0004
v 0.3621 0.1345 0.0303
v 0.3589 0.1072 0.0787
v 0.3849 0.0983 0.1271
v 0.4300 0.1111 0.1570
v 0.4770 0.1408 0.1570
v 0.5080 0.1760 0.1271
v 0.4685 0.2589 0.1013
v 0.4426 0.2616 0.0521
v 0.4014 0.2399 0.0217
v 0.3605 0.2022 0.0217
v 0.3356 0.1628 0.0521
v 0.3362 0.1368 0.1013
v 0.3621 0.1341 0.1504
v 0.4034 0.1557 0.1808
v 0.4442 0.1935 0.1808
v 0.4691 0.2329 0.1504
v 0.4174 0.3052 0.1209
v 0.3934 0.3018 0.0709
v 0.3578 0.2723 0.0399
v 0.3243 0.2279 0.0399
v 0.3056 0.1856 0.0709
v 0.3089 0.1616 0.1209
v 0.3329 0.1650 0.1710
v 0.3685 0.1945 0.2019
v 0.4020 0.2389 0.2019
v 0.4207 0.2812 0.1710
v 0.3603 0.3411 0.1370
v 0.3399 0.3322 0.0860
v 0.3116 0.2961 0.0545
v 0.2862 0.2466 0.0545
v 0.2734 0.2026 0.0860
v 0.2781 0.1809 0.1370
v 0.2984 0.1898 0.1880
v 0.3267 0.2259 0.2195
v 0.3521 0.2754 0.2195
v 0.3649 0.3194 0.1880
v 0.2995 0.3660 0.1491
v 0.2845 0.3528 0.0972
v 0.2648 0.3118 0.0652
v 0.2480 0.2588 0.0652
v 0.2405 0.2140 0.0972
v 0.2452 0.1945 0.1491
v 0.2602 0.2077 0.2010
v 0.2799 0.2487 0.2330
v 0.2967 0.3017 0.2330
v 0.3042 0.3465 0.2010
v 0.2378 0.3803 0.1568
v 0.2294 0.3642 0.1042
v 0.2191 0.3202 0.0718
v 0.2110 0.2652 0.0718
v 0.2081 0.2201 0.1042
v 0.2114 0.2022 0.1568
v 0.2198 0.2184 0.2094
v 0.2300 0.2623 0.2419
v 0.2382 0.3174 0.2419
v 0.2411 0.3624 0.2094
v 0.1772 0.3846 0.1599
v 0.1764 0.3674 0.1070
v 0.1760 0.3224 0.0744
v 0.1763 0.2668 0.0744
v 0.1771 0.2218 0.1070
v 0.1781 0.2046 0.1599
v 0.1789 0.2218 0.2128
v 0.1792 0.2668 0.2455
v 0.1789 0.3224 0.2455
v 0.1782 0.3674 0.2128
v 0.1197 0.3802 0.1584
v 0.1269 0.3639 0.1057
v 0.1364 0.3198 0.0731
v 0.1446 0.2648 0.0731
v 0.1483 0.2198 0.1057
v 0.1462 0.2021 0.1584
v 0.1390 0.2184 0.2111
v 0.1295 0.2625 0.2436
v 0.1213 0.3175 0.2436
v 0.1176 0.3625 0.2111
v 0.0670 0.3688 0.1522
v 0.0820 0.3552 0.1004
v 0.1008 0.3137 0.0684
v 0.1160 0.2602 0.0684
v 0.1220 0.2152 0.1004
v 0.1164 0.1957 0.1522
v 0.1014 0.2093 0.2040
v 0.0826 0.2507 0.2360
v 0.0673 0.3042 0.2360
v 0.0614 0.3493 0.2040
v 0.0199 0.3523 0.1415
v 0.0422 0.3429 0.0914
v 0.0691 0.3054 0.0604
v 0.0905 0.2541 0.0604
v 0.0982 0.2085 0.0914
v 0.0892 0.1861 0.1415
v 0.0669 0.1955 0.1916
v 0.0400 0.2330 0.2226
v 0.0186 0.2843 0.2226
v 0.0109 0.3299 0.1916
v -0.0208 0.3329 0.1267
v 0.0075 0.3286 0.0791
v 0.0414 0.2957 0.0496
v 0.0677 0.2467 0.0496
v 0.0765 0.2003 0.0791
v 0.0644 0.1743 0.1267
v 0.0360 0.1786 0.1744
v 0.0022 0.2115 0.2038
v -0.0241 0.2605 0.2038
v -0.0329 0.3068 0.1744
v -0.0552 0.3126 0.1082
v -0.0219 0.3135 0.0636
v 0.0172 0.2850 0.0361
v 0.0471 0.2382 0.0361
v 0.0565 0.1908 0.0636
v 0.0417 0.1609 0.1082
v 0.0084 0.1600 0.1527
v -0.0307 0.1885 0.1803
v -0.0606 0.2353 0.1803
v -0.0700 0.2828 0.1527
v -0.0836 0.2935 0.0865
v -0.0465 0.2986 0.0454
v -0.0037 0.2737 0.0200
v 0.0284 0.2283 0.0200
v 0.0376 0.1797 0.0454
v 0.0203 0.1465 0.0865
v -0.0168 0.1413 0.1276
v -0.0595 0.1662 0.1530
v -0.0916 0.2116 0.1530
v -0.1008 0.2602 0.1276
v -0.1064 0.2770 0.0623
v -0.0664 0.2848 0.0244
v -0.0215 0.2617 0.0011
v 0.0111 0.2167 0.0011
v 0.0190 0.1668 0.0244
v -0.0009 0.1312 0.0623
v -0.0409 0.1235 0.1001
v -0.0858 0.1465 0.1235
v -0.1184 0.1916 0.1235
v -0.1263 0.2414 0.1001
v -0.1248 0.2640 0.0362
v -0.0825 0.2721 0.0010
v -0.0370 0.2488 -0.0208
v -0.0055 0.2029 -0.0208
v -0.0002 0.1520 0.0010
v -0.0230 0.1155 0.0362
v -0.0652 0.1074 0.0715
v -0.1108 0.1308 0.0933
v -0.1422 0.1766 0.0933
v -0.1476 0.2275 0.0715
v -0.1401 0.2540 0.0091
v -0.0965 0.2604 -0.0248
v -0.0518 0.2349 -0.0458
v -0.0229 0.1874 -0.0458
v -0.0210 0.1359 -0.0248
v -0.0468 0.1001 0.0091
v -0.0904 0.0938 0.0431
v -0.1351 0.1193 0.0641
v -0.1640 0.1668 0.0641
v -0.1659 0.2183 0.0431
v -0.1551 0.2456 -0.0182
v -0.1113 0.2491 -0.0525
v -0.0684 0.2207 -0.0736
v -0.0427 0.1714 -0.0736
v -0.0440 0.1200 -0.0525
v -0.0718 0.0861 -0.0182
v -0.1155 0.0826 0.0160
v -0.1584 0.1110 0.0371
v -0.1841 0.1603 0.0371
v -0.1829 0.2117 0.0160
v -0.1725 0.2371 -0.0451
v -0.1301 0.2378 -0.0811
v -0.0895 0.2070 -0.1033
v -0.0661 0.1566 -0.1033
v -0.0689 0.1057 -0.0811
v -0.0968 0.0738 -0.0451
v -0.1392 0.0731 -0.0091
v -0.1799 0.1038 0.0132
v -0.2033 0.1543 0.0132
v -0.2005 0.2052 -0.0091
v -0.1947 0.2271 -0.0706
v -0.1549 0.2261 -0.1095
v -0.1163 0.1940 -0.1335
v -0.0936 0.1432 -0.1335
v -0.0955 0.0931 -0.1095
v -0.1212 0.0628 -0.0706
v -0.1610 0.0638 -0.0317
v -0.1996 0.0959 -0.0077
v -0.2223 0.1467 -0.0077
v -0.2204 0.1968 -0.0317
v -0.2221 0.2145 -0.0940
v -0.1860 0.2127 -0.1363
v -0.1489 0.1805 -0.1625
v -0.1250 0.1303 -0.1625
v -0.1234 0.0812 -0.1363
v -0.1448 0.0520 -0.0940
v -0.1809 0.0539 -0.0518
v -0.2180 0.0861 -0.0256
v -0.2418 0.1363 -0.0256
v -0.2434 0.1854 -0.0518
v -0.2543 0.1982 -0.1147
v -0.2226 0.1959 -0.1604
v -0.1865 0.1644 -0.1886
v -0.1598 0.1156 -0.1886
v -0.1527 0.0682 -0.1604
v -0.1679 0.0403 -0.1147
v -0.1996 0.0425 -0.0691
v -0.2357 0.0740 -0.0409
v -0.2624 0.1228 -0.0409
v -0.2695 0.1702 -0.0691
v -0.2901 0.1766 -0.1321
v -0.2631 0.1739 -0.1806
v -0.2274 0.1435 -0.2106
v -0.1967 0.0971 -0.2106
v -0.1827 0.0525 -0.1806
v -0.1907 0.0265 -0.1321
v -0.2177 0.0293 -0.0835
v -0.2534 0.0597 -0.0535
v -0.2841 0.1060 -0.0535
v -0.2981 0.1507 -0.0835
v -0.3277 0.1488 -0.1455
v -0.3053 0.1450 -0.1963
v -0.2696 0.1162 -0.2277
v -0.2342 0.0732 -0.2277
v -0.2126 0.0327 -0.1963
v -0.2132 0.0100 -0.1455
v -0.2356 0.0138 -0.0948
v -0.2713 0.0426 -0.0634
v -0.3067 0.0856 -0.0634
v -0.3282 0.1261 -0.0948
v -0.3652 0.1139 -0.1547
v -0.3467 0.1084 -0.2069
v -0.3104 0.0813 -0.2392
v -0.2701 0.0430 -0.2392
v -0.2412 0.0081 -0.2069
v -0.2347 -0.0101 -0.1547
v -0.2532 -0.0045 -0.1026
v -0.2895 0.0225 -0.0703
v -0.3298 0.0609 -0.0703
v -0.3587 0.0957 -0.1026
v -0.4005 0.0714 -0.1594
v -0.3849 0.0636 -0.2122
v -0.3474 0.0387 -0.2449
v -0.3023 0.0061 -0.2449
v -0.2668 -0.0216 -0.2122
v -0.2545 -0.0339 -0.1594
v -0.2701 -0.0261 -0.1066
v -0.3076 -0.0012 -0.0739
v -0.3527 0.0313 -0.0739
v -0.3882 0.0591 -0.1066
v -0.4313 0.0214 -0.1594
v -0.4172 0.0111 -0.2122
v -0.3781 -0.0111 -0.2449
v -0.3287 -0.0367 -0.2449
v -0.2880 -0.0560 -0.2122
v -0.2715 -0.0616 -0.1594
v -0.2856 -0.0513 -0.1066
v -0.3248 -0.0291 -0.0739
v -0.3741 -0.0035 -0.0739
v -0.4148 0.0158 -0.1066
v -0.4554 -0.0354 -0.1547
v -0.4415 -0.0479 -0.2071
v -0.4003 -0.0667 -0.2395
v -0.3476 -0.0844 -0.2395
v -0.3035 -0.0943 -0.2071
v -0.2848 -0.0927 -0.1547
v -0.2987 -0.0802 -0.1024
v -0.3399 -0.0614 -0.0700
v -0.3926 -0.0437 -0.0700
v -0.4367 -0.0337 -0.1024
v -0.4709 -0.0977 -0.1455
v -0.4558 -0.1119 -0.1971
v -0.4125 -0.1263 -0.2290
v -0.3576 -0.1353 -0.2290
v -0.3120 -0.1354 -0.1971
v -0.2932 -0.1267 -0.1455
v -0.3083 -0.1124 -0.0939
v -0.3515 -0.0980 -0.0620
v -0.4064 -0.0891 -0.0620
v -0.4520 -0.0890 -0.0939
v -0.4760 -0.1638 -0.1321
v -0.4587 -0.1788 -0.1828
v -0.4136 -0.1878 -0.2141
v -0.3580 -0.1874 -0.2141
v -0.3130 -0.1777 -0.1828
v -0.2960 -0.1624 -0.1321
v -0.3133 -0.1474 -0.0814
v -0.3583 -0.1384 -0.0501
v -0.4140 -0.1388 -0.0501
v -0.4589 -0.1485 -0.0814
v -0.4695 -0.2315 -0.1147
v -0.4493 -0.2461 -0.1645
v -0.4031 -0.2488 -0.1952
v -0.3484 -0.2387 -0.1952
v -0.3061 -0.2196 -0.1645
v -0.2925 -0.1988 -0.1147
v -0.3127 -0.1843 -0.0650
v -0.3589 -0.1815 -0.0342
v -0.4136 -0.1916 -0.0342
v -0.4559 -0.2107 -0.0650
v -0.4509 -0.2983 -0.0940
v -0.4276 -0.3111 -0.1429
v -0.3811 -0.3069 -0.1732
v -0.3291 -0.2871 -0.1732
v -0.2915 -0.2595 -0.1429
v -0.2825 -0.2345 -0.0940
v -0.3058 -0.2217 -0.0452
v -0.3523 -0.2260 -0.0149
v -0.4043 -0.2457 -0.0149
v -0.4419 -0.2733 -0.0452
v -0.4200 -0.3616 -0.0706
v -0.3939 -0.3713 -0.1188
v -0.3485 -0.3595 -0.1485
v -0.3009 -0.3306 -0.1485
v -0.2695 -0.2957 -0.1188
v -0.2661 -0.2681 -0.0706
v -0.2922 -0.2584 -0.0224
v -0.3377 -0.2702 0.0074
v -0.3852 -0.2991 0.0074
v -0.4166 -0.3340 -0.0224
v -0.3775 -0.4187 -0.0451
v -0.3494 -0.4242 -0.0927
v -0.3064 -0.4047 -0.1222
v -0.2651 -0.3675 -0.1222
v -0.2411 -0.3268 -0.0927
v -0.2437 -0.2983 -0.0451
v -0.2719 -0.2927 0.0026
v -0.3148 -0.3123 0.0320
v -0.3561 -0.3495 0.0320
v -0.3801 -0.3901 0.0026
v -0.3249 -0.4671 -0.0182
v -0.2957 -0.4677 -0.0656
v -0.2569 -0.4407 -0.0949
v -0.2233 -0.3964 -0.0949
v -0.2076 -0.3517 -0.0656
v -0.2160 -0.3238 -0.0182
v -0.2451 -0.3233 0.0291
v -0.2839 -0.3503 0.0584
v -0.3176 -0.3946 0.0584
v -0.3332 -0.4392 0.0291
v -0.2639 -0.5049 0.0091
v -0.2351 -0.5001 -0.0382
v -0.2020 -0.4662 -0.0674
v -0.1773 -0.4164 -0.0674
v -0.1704 -0.3696 -0.0382
v -0.1839 -0.3437 0.0091
v -0.2127 -0.3486 0.0565
v -0.2458 -0.3824 0.0857
v -0.2705 -0.4322 0.0857
v -0.2774 -0.4790 0.0565
v -0.1970 -0.5306 0.0362
v -0.1700 -0.5203 -0.0113
v -0.1441 -0.4808 -0.0407
v -0.1292 -0.4272 -0.0407
v -0.1309 -0.3800 -0.0113
v -0.1487 -0.3572 0.0362
v -0.1756 -0.3675 0.0838
v -0.2015 -0.4070 0.1132
v -0.2165 -0.4606 0.1132
v -0.2147 -0.5078 0.0838
v -0.1268 -0.5432 0.0623
v -0.1032 -0.5280 0.0143
v -0.0856 -0.4843 -0.0153
v -0.0809 -0.4289 -0.0153
v -0.0909 -0.3829 0.0143
v -0.1116 -0.3639 0.0623
v -0.1353 -0.3791 0.1103
v -0.1528 -0.4228 0.1399
v -0.1575 -0.4782 0.1399
v -0.1476 -0.5242 0.1103
v -0.0561 -0.5427 0.0865
v -0.0371 -0.5235 0.0379
v -0.0288 -0.4774 0.0078
v -0.0344 -0.4221 0.0078
v -0.0517 -0.3786 0.0379
v -0.0742 -0.3636 0.0865
v -0.0932 -0.3828 0.1351
v -0.1014 -0.4288 0.1652
v -0.0959 -0.4842 0.1652
v -0.0786 -0.5276 0.1351
v 0.0124 -0.5294 0.1082
v 0.0256 -0.5077 0.0587
v 0.0243 -0.4612 0.0282
v 0.0088 -0.4078 0.0282
v -0.0148 -0.3678 0.0587
v -0.0377 -0.3565 0.1082
v -0.0509 -0.3782 0.1576
v -0.0496 -0.4247 0.1882
v -0.0341 -0.4781 0.1882
v -0.0105 -0.5181 0.1576
v 0.0762 -0.5046 0.1267
v 0.0831 -0.4821 0.0763
v 0.0722 -0.4373 0.0452
v 0.0476 -0.3874 0.0452
v 0.0187 -0.3515 0.0763
v -0.0034 -0.3432 0.1267
v -0.0103 -0.3658 0.1771
v 0.0007 -0.4106 0.2082
v 0.0253 -0.4604 0.2082
v 0.0541 -0.4964 0.1771
v 0.1335 -0.4700 0.1415
v 0.1338 -0.4485 0.0902
v 0.1137 -0.4075 0.0585
v 0.0810 -0.3625 0.0585
v 0.0480 -0.3308 0.0902
v 0.0275 -0.3245 0.1415
v 0.0272 -0.3460 0.1928
v 0.0473 -0.3871 0.2245
v 0.0800 -0.4320 0.2245
v 0.1130 -0.4637 0.1928
v 0.1827 -0.4276 0.1522
v 0.1767 -0.4091 0.1000
v 0.1484 -0.3737 0.0678
v 0.1087 -0.3347 0.0678
v 0.0727 -0.3071 0.1000
v 0.0542 -0.3014 0.1522
v 0.0602 -0.3199 0.2043
v 0.0884 -0.3553 0.2365
v 0.1281 -0.3943 0.2365
v 0.1641 -0.4219 0.2043
v 0.2228 -0.3796 0.1584
v 0.2113 -0.3661 0.1056
v 0.1762 -0.3378 0.0731
v 0.1309 -0.3056 0.0731
v 0.0927 -0.2816 0.1056
v 0.0762 -0.2752 0.1584
v 0.0877 -0.2887 0.2111
v 0.1228 -0.3170 0.2437
v 0.1681 -0.3492 0.2437
v 0.2063 -0.3732 0.2111
v 0.2538 -0.3285 0.1599
v 0.2380 -0.3215 0.1070
v 0.1976 -0.3016 0.0744
v 0.1480 -0.2765 0.0744
v 0.1082 -0.2556 0.1070
v 0.0933 -0.2470 0.1599
v 0.1090 -0.2540 0.2128
v 0.1494 -0.2738 0.2455
v 0.1990 -0.2990 0.2455
v 0.2388 -0.3199 0.2128
v 0.2758 -0.2765 0.1568
v 0.2573 -0.2772 0.1043
v 0.2134 -0.2665 0.0719
v 0.1608 -0.2484 0.0719
v 0.1196 -0.2299 0.1043
v 0.1055 -0.2180 0.1568
v 0.1240 -0.2172 0.2093
v 0.1679 -0.2280 0.2417
v 0.2205 -0.2460 0.2417
v 0.2617 -0.2646 0.2093
v 0.2897 -0.2257 0.1491
v 0.2702 -0.2347 0.0978
v 0.2246 -0.2333 0.0660
v 0.1701 -0.2220 0.0660
v 0.1277 -0.2051 0.0978
v 0.1134 -0.1891 0.1491
v 0.1329 -0.1801 0.2004
v 0.1785 -0.1815 0.2322
v 0.2330 -0.1928 0.2322
v 0.2755 -0.2097 0.2004
v 0.2968 -0.1779 0.1370
v 0.2780 -0.1952 0.0876
v 0.2321 -0.2026 0.0571
v 0.1767 -0.1974 0.0571
v 0.1330 -0.1815 0.0876
v 0.1176 -0.1610 0.1370
v 0.1365 -0.1437 0.1864
v 0.1824 -0.1363 0.2169
v 0.2378 -0.1415 0.2169
v 0.2815 -0.1574 0.1864
v 0.2989 -0.1345 0.1209
v 0.2816 -0.1593 0.0742
v 0.2366 -0.1746 0.0454
v 0.1810 -0.1745 0.0454
v 0.1360 -0.1590 0.0742
v 0.1189 -0.1340 0.1209
v 0.1362 -0.1092 0.1676
v 0.1812 -0.0939 0.1964
v 0.2368 -0.0940 0.1964
v 0.2818 -0.1095 0.1676
v 0.2977 -0.0964 0.1013
v 0.2825 -0.1277 0.0579
v 0.2387 -0.1492 0.0310
v 0.1832 -0.1528 0.0310
v 0.1371 -0.1370 0.0579
v 0.1180 -0.1080 0.1013
v 0.1333 -0.0767 0.1447
v 0.1770 -0.0552 0.1715
v 0.2325 -0.0516 0.1715
v 0.2786 -0.0674 0.1447
v 0.2950 -0.0644 0.0787
v 0.2813 -0.1005 0.0387
v 0.2387 -0.1263 0.0140
v 0.1833 -0.1318 0.0140
v 0.1364 -0.1150 0.0387
v 0.1159 -0.0822 0.0787
v 0.1295 -0.0461 0.1187
v 0.1722 -0.0203 0.1434
v 0.2275 -0.0148 0.1434
v 0.2744 -0.0316 0.1187
v 0.2923 -0.0383 0.0538
v 0.2789 -0.0777 0.0169
v 0.2364 -0.1055 -0.0059
v 0.1811 -0.1109 -0.0059
v 0.1340 -0.0920 0.0169
v 0.1132 -0.0560 0.0538
v 0.1265 -0.0166 0.0906
v 0.1690 0.0112 0.1134
v 0.2244 0.0167 0.1134
v 0.2715 -0.0022 0.0906
v 0.2906 -0.0175 0.0273
v 0.2759 -0.0585 -0.0074
v 0.2324 -0.0859 -0.0288
v 0.1769 -0.0893 -0.0288
v 0.1305 -0.0674 -0.0074
v 0.1109 -0.0285 0.0273
v 0.1256 0.0124 0.0620
v 0.1690 0.0398 0.0834
v 0.2245 0.0432 0.0834
v 0.2710 0.0213 0.0620
v 0.2900 -0.0000 0.0000
v 0.2728 -0.0406 -0.0339
v 0.2278 -0.0658 -0.0548
v 0.1722 -0.0658 -0.0548
v 0.1272 -0.0406 -0.0339
v 0.1100 -0.0000 0.0000
v 0.1272 0.0406 0.0339
v 0.1722 0.0658 0.0548
v 0.2278 0.0658 0.0548
v 0.2728 0.0406 0.0339
v 0.2906 0.0175 -0.0273
v 0.2710 -0.0213 -0.0620
v 0.2245 -0.0432 -0.0834
v 0.1690 -0.0398 -0.0834
v 0.1256 -0.0124 -0.0620
v 0.1109 0.0285 -0.0273
v 0.1305 0.0674 0.0074
v 0.1769 0.0893 0.0288
v 0.2324 0.0859 0.0288
v 0.2759 0.0585 0.0074
v 0.2923 0.0383 -0.0538
v 0.2715 0.0022 -0.0906
v 0.2244 -0.0167 -0.1134
v 0.1690 -0.0112 -0.1134
v 0.1265 0.0166 -0.0906
v 0.1132 0.0560 -0.0538
v 0.1340 0.0920 -0.0169
v 0.1811 0.1109 0.0059
v 0.2364 0.1055 0.0059
v 0.2789 0.0777 -0.0169
v 0.2950 0.0644 -0.0787
v 0.2744 0.0316 -0.1187
v 0.2275 0.0148 -0.1434
v 0.1722 0.0203 -0.1434
v 0.1295 0.0461 -0.1187
v 0.1159 0.0822 -0.0787
v 0.1364 0.1150 -0.0387
v 0.1833 0.1318 -0.0140
v 0.2387 0.1263 -0.0140
v 0.2813 0.1005 -0.0387
v 0.2977 0.0964 -0.1013
v 0.2786 0.0674 -0.1447
v 0.2325 0.0516 -0.1715
v 0.1770 0.0552 -0.1715
v 0.1333 0.0767 -0.1447
v 0.1180 0.1080 -0.1013
v 0.1371 0.1370 -0.0579
v 0.1832 0.1528 -0.0310
v 0.2387 0.1492 -0.0310
v 0.2825 0.1277 -0.0579
v 0.2989 0.1345 -0.1209
v 0.2818 0.1095 -0.1676
v 0.2368 0.0940 -0.1964
v 0.1812 0.0939 -0.1964
v 0.1362 0.1092 -0.1676
v 0.1189 0.1340 -0.1209
v 0.1360 0.1590 -0.0742
v 0.1810 0.1745 -0.0454
v 0.2366 0.1746 -0.0454
v 0.2816 0.1593 -0.0742
v 0.2968 0.1779 -0.1370
v 0.2815 0.1574 -0.1864
v 0.2378 0.1415 -0.2169
v 0.1824 0.1363 -0.2169
v 0.1365 0.1437 -0.1864
v 0.1176 0.1610 -0.1370
v 0.1330 0.1815 -0.0876
v 0.1767 0.1974 -0.0571
v 0.2321 0.2026 -0.0571
v 0.2780 0.1952 -0.0876
v 0.2897 0.2257 -0.1491
v 0.2755 0.2097 -0.2004
v 0.2330 0.1928 -0.2322
v 0.1785 0.1815 -0.2322
v 0.1329 0.1801 -0.2004
v 0.1134 0.1891 -0.1491
v 0.1277 0.2051 -0.0978
v 0.1701 0.2220 -0.0660
v 0.2246 0.2333 -0.0660
v 0.2702 0.2347 -0.0978
v 0.2758 0.2765 -0.1568
v 0.2617 0.2646 -0.2093
v 0.2205 0.2460 -0.2417
v 0.1679 0.2280 -0.2417
v 0.1240 0.2172 -0.2093
v 0.1055 0.2180 -0.1568
v 0.1196 0.2299 -0.1043
v 0.1608 0.2484 -0.0719
v 0.2134 0.2665 -0.0719
v 0.2573 0.2772 -0.1043
v 0.2538 0.3285 -0.1599
v 0.2388 0.3199 -0.2128
v 0.1990 0.2990 -0.2455
v 0.1494 0.2738 -0.2455
v 0.1090 0.2540 -0.2128
v 0.0933 0.2470 -0.1599
v 0.1082 0.2556 -0.1070
v 0.1480 0.2765 -0.0744
v 0.1976 0.3016 -0.0744
v 0.2380 0.3215 -0.1070
v 0.2228 0.3796 -0.1584
v 0.2063 0.3732 -0.2111
v 0.1681 0.3492 -0.2437
v 0.1228 0.3170 -0.2437
v 0.0877 0.2887 -0.2111
v 0.0762 0.2752 -0.1584
v 0.0927 0.2816 -0.1056
v 0.1309 0.3056 -0.0731
v 0.1762 0.3378 -0.0731
v 0.2113 0.3661 -0.1056
v 0.1827 0.4276 -0.1522
v 0.1641 0.4219 -0.2043
v 0.1281 0.3943 -0.2365
v 0.0884 0.3553 -0.2365
v 0.0602 0.3199 -0.2043
v 0.0542 0.3014 -0.1522
v 0.0727 0.3071 -0.1000
v 0.1087 0.3347 -0.0678
v 0.1484 0.3737 -0.0678
v 0.1767 0.4091 -0.1000
v 0.1335 0.4700 -0.1415
v 0.1130 0.4637 -0.1928
v 0.0800 0.4320 -0.2245
v 0.0473 0.3871 -0.2245
v 0.0272 0.3460 -0.1928
v 0.0275 0.3245 -0.1415
v 0.0480 0.3308 -0.0902
v 0.0810 0.3625 -0.0585
v 0.1137 0.4075 -0.0585
v 0.1338 0.4485 -0.0902
v 0.0762 0.5046 -0.1267
v 0.0541 0.4964 -0.1771
v 0.0253 0.4604 -0.2082
v 0.0007 0.4106 -0.2082
v -0.0103 0.3658 -0.1771
v -0.0034 0.3432 -0.1267
v 0.0187 0.3515 -0.0763
v 0.0476 0.3874 -0.0452
v 0.0722 0.4373 -0.0452
v 0.0831 0.4821 -0.0763
v 0.0124 0.5294 -0.1082
v -0.0105 0.5181 -0.1576
v -0.0341 0.4781 -0.1882
v -0.0496 0.4247 -0.1882
v -0.0509 0.3782 -0.1576
v -0.0377 0.3565 -0.1082
v -0.0148 0.3678 -0.0587
v 0.0088 0.4078 -0.0282
v 0.0243 0.4612 -0.0282
v 0.0256 0.5077 -0.0587
v -0.0561 0.5427 -0.0865
v -0.0786 0.5276 -0.1351
v -0.0959 0.4842 -0.1652
v -0.1014 0.4288 -0.1652
v -0.0932 0.3828 -0.1351
v -0.0742 0.3636 -0.0865
v -0.0517 0.3786 -0.0379
v -0.0344 0.4221 -0.0078
v -0.0288 0.4774 -0.0078
v -0.0371 0.5235 -0.0379
v -0.1268 0.5432 -0.0623
v -0.1476 0.5242 -0.1103
v -0.1575 0.4782 -0.1399
v -0.1528 0.4228 -0.1399
v -0.1353 0.3791 -0.1103
v -0.1116 0.3639 -0.0623
v -0.0909 0.3829 -0.0143
v -0.0809 0.4289 0.0153
v -0.0856 0.4843 0.0153
v -0.1032 0.5280 -0.0143
v -0.1970 0.5306 -0.0362
v -0.2147 0.5078 -0.0838
v -0.2165 0.4606 -0.1132
v -0.2015 0.4070 -0.1132
v -0.1756 0.3675 -0.0838
v -0.1487 0.3572 -0.0362
v -0.1309 0.3800 0.0113
v -0.1292 0.4272 0.0407
v -0.1441 0.4808 0.0407
v -0.1700 0.5203 0.0113
v -0.2639 0.5049 -0.0091
v -0.2774 0.4790 -0.0565
v -0.2705 0.4322 -0.0857
v -0.2458 0.3824 -0.0857
v -0.2127 0.3486 -0.0565
v -0.1839 0.3437 -0.0091
v -0.1704 0.3696 0.0382
v -0.1773 0.4164 0.0674
v -0.2020 0.4662 0.0674
v -0.2351 0.5001 0.0382
v -0.3249 0.4671 0.0182
v -0.3332 0.4392 -0.0291
v -0.3176 0.3946 -0.0584
v -0.2839 0.3503 -0.0584
v -0.2451 0.3233 -0.0291
v -0.2160 0.3238 0.0182
v -0.2076 0.3517 0.0656
v -0.2233 0.3964 0.0949
v -0.2569 0.4407 0.0949
v -0.2957 0.4677 0.0656
v -0.3775 0.4187 0.0451
v -0.3801 0.3901 -0.0026
v -0.3561 0.3495 -0.0320
v -0.3148 0.3123 -0.0320
v -0.2719 0.2927 -0.0026
v -0.2437 0.2983 0.0451
v -0.2411 0.3268 0.0927
v -0.2651 0.3675 0.1222
v -0.3064 0.4047 0.1222
v -0.3494 0.4242 0.0927
v -0.4200 0.3616 0.0706
v -0.4166 0.3340 0.0224
v -0.3852 0.2991 -0.0074
v -0.3377 0.2702 -0.0074
v -0.2922 0.2584 0.0224
v -0.2661 0.2681 0.0706
v -0.2695 0.2957 0.1188
v -0.3009 0.3306 0.1485
v -0.3485 0.3595 0.1485
v -0.3939 0.3713 0.1188
v -0.4509 0.2983 0.0940
v -0.4419 0.2733 0.0452
v -0.4043 0.2457 0.0149
v -0.3523 0.2260 0.0149
v -0.3058 0.2217 0.0452
v -0.2825 0.2345 0.0940
v -0.2915 0.2595 0.1429
v -0.3291 0.2871 0.1732
v -0.3811 0.3069 0.1732
v -0.4276 0.3111 0.1429
v -0.4695 0.2315 0.1147
v -0.4559 0.2107 0.0650
v -0.4136 0.1916 0.0342
v -0.3589 0.1815 0.0342
v -0.3127 0.1843 0.0650
v -0.2925 0.1988 0.1147
v -0.3061 0.2196 0.1645
v -0.3484 0.2387 0.1952
v -0.4031 0.2488 0.1952
v -0.4493 0.2461 0.1645
v -0.4760 0.1638 0.1321
v -0.4589 0.1485 0.0814
v -0.4140 0.1388 0.0501
v -0.3583 0.1384 0.0501
v -0.3133 0.1474 0.0814
v -0.2960 0.1624 0.1321
v -0.3130 0.1777 0.1828
v -0.3580 0.1874 0.2141
v -0.4136 0.1878 0.2141
v -0.4587 0.1788 0.1828
v -0.4709 0.0977 0.1455
v -0.4520 0.0890 0.0939
v -0.4064 0.0891 0.0620
v -0.3515 0.0980 0.0620
v -0.3083 0.1124 0.0939
v -0.2932 0.1267 0.1455
v -0.3120 0.1354 0.1971
v -0.3576 0.1353 0.2290
v -0.4125 0.1263 0.2290
v -0.4558 0.1119 0.1971
v -0.4554 0.0354 0.1547
v -0.4367 0.0337 0.1024
v -0.3926 0.0437 0.0700
v -0.3399 0.0614 0.0700
v -0.2987 0.0802 0.1024
v -0.2848 0.0927 0.1547
v -0.3035 0.0943 0.2071
v -0.3476 0.0844 0.2395
v -0.4003 0.0667 0.2395
v -0.4415 0.0479 0.2071
v -0.4313 -0.0214 0.1594
v -0.4148 -0.0158 0.1066
v -0.3741 0.0035 0.0739
v -0.3248 0.0291 0.0739
v -0.2856 0.0513 0.1066
v -0.2715 0.0616 0.1594
v -0.2880 0.0560 0.2122
v -0.3287 0.0367 0.2449
v -0.3781 0.0111 0.2449
v -0.4172 -0.0111 0.2122
v -0.4005 -0.0714 0.1594
v -0.3882 -0.0591 0.1066
v -0.3527 -0.0313 0.0739
v -0.3076 0.0012 0.0739
v -0.2701 0.0261 0.1066
v -0.2545 0.0339 0.1594
v -0.2668 0.0216 0.2122
v -0.3023 -0.0061 0.2449
v -0.3474 -0.0387 0.2449
v -0.3849 -0.0636 0.2122
v -0.3652 -0.1139 0.1547
v -0.3587 -0.0957 0.1026
v -0.3298 -0.0609 0.0703
v -0.2895 -0.0225 0.0703
v -0.2532 0.0045 0.1026
v -0.2347 0.0101 0.1547
v -0.2412 -0.0081 0.2069
v -0.2701 -0.0430 0.2392
v -0.3104 -0.0813 0.2392
v -0.3467 -0.1084 0.2069
v -0.3277 -0.1488 0.1455
v -0.3282 -0.1261 0.0948
v -0.3067 -0.0856 0.0634
v -0.2713 -0.0426 0.0634
v -0.2356 -0.0138 0.0948
v -0.2132 -0.0100 0.1455
v -0.2126 -0.0327 0.1963
v -0.2342 -0.0732 0.2277
v -0.2696 -0.1162 0.2277
v -0.3053 -0.1450 0.1963
v -0.2901 -0.1766 0.1321
v -0.2981 -0.1507 0.0835
v -0.2841 -0.1060 0.0535
v -0.2534 -0.0597 0.0535
v -0.2177 -0.0293 0.0835
v -0.1907 -0.0265 0.1321
v -0.1827 -0.0525 0.1806
v -0.1967 -0.0971 0.2106
v -0.2274 -0.1435 0.2106
v -0.2631 -0.1739 0.1806
v -0.2543 -0.1982 0.1147
v -0.2695 -0.1702 0.0691
v -0.2624 -0.1228 0.0409
v -0.2357 -0.0740 0.0409
v -0.1996 -0.0425 0.0691
v -0.1679 -0.0403 0.1147
v -0.1527 -0.0682 0.1604
v -0.1598 -0.1156 0.1886
v -0.1865 -0.1644 0.1886
v -0.2226 -0.1959 0.1604
v -0.2221 -0.2145 0.0940
v -0.2434 -0.1854 0.0518
v -0.2418 -0.1363 0.0256
v -0.2180 -0.0861 0.0256
v -0.1809 -0.0539 0.0518
v -0.1448 -0.0520 0.0940
v -0.1234 -0.0812 0.1363
v -0.1250 -0.1303 0.1625
v -0.1489 -0.1805 0.1625
v -0.1860 -0.2127 0.1363
v -0.1947 -0.2271 0.0706
v -0.2204 -0.1968 0.0317
v -0.2223 -0.1467 0.0077
v -0.1996 -0.0959 0.0077
v -0.1610 -0.0638 0.0317
v -0.1212 -0.0628 0.0706
v -0.0955 -0.0931 0.1095
v -0.0936 -0.1432 0.1335
v -0.1163 -0.1940 0.1335
v -0.1549 -0.2261 0.1095
v -0.1725 -0.2371 0.0451
v -0.2005 -0.2052 0.0091
v -0.2033 -0.1543 -0.0132
v -0.1799 -0.1038 -0.0132
v -0.1392 -0.0731 0.0091
v -0.0968 -0.0738 0.0451
v -0.0689 -0.1057 0.0811
v -0.0661 -0.1566 0.1033
v -0.0895 -0.2070 0.1033
v -0.1301 -0.2378 0.0811
v -0.1551 -0.2456 0.0182
v -0.1829 -0.2117 -0.0160
v -0.1841 -0.1603 -0.0371
v -0.1584 -0.1110 -0.0371
v -0.1155 -0.0826 -0.0160
v -0.0718 -0.0861 0.0182
v -0.0440 -0.1200 0.0525
v -0.0427 -0.1714 0.0736
v -0.0684 -0.2207 0.0736
v -0.1113 -0.2491 0.0525
v -0.1401 -0.2540 -0.0091
v -0.1659 -0.2183 -0.0431
v -0.1640 -0.1668 -0.0641
v -0.1351 -0.1193 -0.0641
v -0.0904 -0.0938 -0.0431
v -0.0468 -0.1001 -0.0091
v -0.0210 -0.1359 0.0248
v -0.0229 -0.1874 0.0458
v -0.0518 -0.2349 0.0458
v -0.0965 -0.2604 0.0248
v -0.1248 -0.2640 -0.0362
v -0.1476 -0.2275 -0.0715
v -0.1422 -0.1766 -0.0933
v -0.1108 -0.1308 -0.0933
v -0.0652 -0.1074 -0.0715
v -0.0230 -0.1155 -0.0362
v -0.0002 -0.1520 -0.0010
v -0.0055 -0.2029 0.0208
v -0.0370 -0.2488 0.0208
v -0.0825 -0.2721 -0.0010
v -0.1064 -0.2770 -0.0623
v -0.1263 -0.2414 -0.1001
v -0.1184 -0.1916 -0.1235
v -0.0858 -0.1465 -0.1235
v -0.0409 -0.1235 -0.1001
v -0.0009 -0.1312 -0.0623
v 0.0190 -0.1668 -0.0244
v 0.0111 -0.2167 -0.0011
v -0.0215 -0.2617 -0.0011
v -0.0664 -0.2848 -0.0244
v -0.0836 -0.2935 -0.0865
v -0.1008 -0.2602 -0.1276
v -0.0916 -0.2116 -0.1530
v -0.0595 -0.1662 -0.1530
v -0.0168 -0.1413 -0.1276
v 0.0203 -0.1465 -0.0865
v 0.0376 -0.1797 -0.0454
v 0.0284 -0.2283 -0.0200
v -0.0037 -0.2737 -0.0200
v -0.0465 -0.2986 -0.0454
v -0.0552 -0.3126 -0.1082
v -0.0700 -0.2828 -0.1527
v -0.0606 -0.2353 -0.1803
v -0.0307 -0.1885 -0.1803
v 0.0084 -0.1600 -0.1527
v 0.0417 -0.1609 -0.1082
v 0.0565 -0.1908 -0.0636
v 0.0471 -0.2382 -0.0361
v 0.0172 -0.2850 -0.0361
v -0.0219 -0.3135 -0.0636
v -0.0208 -0.3329 -0.1267
v -0.0329 -0.3068 -0.1744
v -0.0241 -0.2605 -0.2038
v 0.0022 -0.2115 -0.2038
v 0.0360 -0.1786 -0.1744
v 0.0644 -0.1743 -0.1267
v 0.0765 -0.2003 -0.0791
v 0.0677 -0.2467 -0.0496
v 0.0414 -0.2957 -0.0496
v 0.0075 -0.3286 -0.0791
v 0.0199 -0.3523 -0.1415
v 0.0109 -0.3299 -0.1916
v 0.0186 -0.2843 -0.2226
v 0.0400 -0.2330 -0.2226
v 0.0669 -0.1955 -0.1916
v 0.0892 -0.1861 -0.1415
v 0.0982 -0.2085 -0.0914
v 0.0905 -0.2541 -0.0604
v 0.0691 -0.3054 -0.0604
v 0.0422 -0.3429 -0.0914
v 0.0670 -0.3688 -0.1522
v 0.0614 -0.3493 -0.2040
v 0.0673 -0.3042 -0.2360
v 0.0826 -0.2507 -0.2360
v 0.1014 -0.2093 -0.2040
v 0.1164 -0.1957 -0.1522
v 0.1220 -0.2152 -0.1004
v 0.1160 -0.2602 -0.0684
v 0.1008 -0.3137 -0.0684
v 0.0820 -0.3552 -0.1004
v 0.1197 -0.3802 -0.1584
v 0.1176 -0.3625 -0.2111
v 0.1213 -0.3175 -0.2436
v 0.1295 -0.2625 -0.2436
v 0.1390 -0.2184 -0.2111
v 0.1462 -0.2021 -0.1584
v 0.1483 -0.2198 -0.1057
v 0.1446 -0.2648 -0.0731
v 0.1364 -0.3198 -0.0731
v 0.1269 -0.3639 -0.1057
v 0.1772 -0.3846 -0.1599
v 0.1782 -0.3674 -0.2128
v 0.1789 -0.3224 -0.2455
v 0.1792 -0.2668 -0.2455
v 0.1789 -0.2218 -0.2128
v 0.1781 -0.2046 -0.1599
v 0.1771 -0.2218 -0.1070
v 0.1763 -0.2668 -0.0744
v 0.1760 -0.3224 -0.0744
v 0.1764 -0.3674 -0.1070
v 0.2378 -0.3803 -0.1568
v 0.2411 -0.3624 -0.2094
v 0.2382 -0.3174 -0.2419
v 0.2300 -0.2623 -0.2419
v 0.2198 -0.2184 -0.2094
v 0.2114 -0.2022 -0.1568
v 0.2081 -0.2201 -0.1042
v 0.2110 -0.2652 -0.0718
v 0.2191 -0.3202 -0.0718
v 0.2294 -0.3642 -0.1042
v 0.2995 -0.3660 -0.1491
v 0.3042 -0.3465 -0.2010
v 0.2967 -0.3017 -0.2330
v 0.2799 -0.2487 -0.2330
v 0.2602 -0.2077 -0.2010
v 0.2452 -0.1945 -0.1491
v 0.2405 -0.2140 -0.0972
v 0.2480 -0.2588 -0.0652
v 0.2648 -0.3118 -0.0652
v 0.2845 -0.3528 -0.0972
v 0.3603 -0.3411 -0.1370
v 0.3649 -0.3194 -0.1880
v 0.3521 -0.2754 -0.2195
v 0.3267 -0.2259 -0.2195
v 0.2984 -0.1898 -0.1880
v 0.2781 -0.1809 -0.1370
v 0.2734 -0.2026 -0.0860
v 0.2862 -0.2466 -0.0545
v 0.3116 -0.2961 -0.0545
v 0.3399 -0.3322 -0.0860
v 0.4174 -0.3052 -0.1209
v 0.4207 -0.2812 -0.1710
v 0.4020 -0.2389 -0.2019
v 0.3685 -0.1945 -0.2019
v 0.3329 -0.1650 -0.1710
v 0.3089 -0.1616 -0.1209
v 0.3056 -0.1856 -0.0709
v 0.3243 -0.2279 -0.0399
v 0.3578 -0.2723 -0.0399
v 0.3934 -0.3018 -0.0709
v 0.4685 -0.2589 -0.1013
v 0.4691 -0.2329 -0.1504
v 0.4442 -0.1935 -0.1808
v 0.4034 -0.1557 -0.1808
v 0.3621 -0.1341 -0.1504
v 0.3362 -0.1368 -0.1013
v 0.3356 -0.1628 -0.0521
v 0.3605 -0.2022 -0.0217
v 0.4014 -0.2399 -0.0217
v 0.4426 -0.2616 -0.0521
v 0.5112 -0.2032 -0.0787
v 0.5080 -0.1760 -0.1271
v 0.4770 -0.1408 -0.1570
v 0.4300 -0.1111 -0.1570
v 0.3849 -0.0983 -0.1271
v 0.3589 -0.1072 -0.0787
v 0.3621 -0.1345 -0.0303
v 0.3931 -0.1696 -0.0004
v 0.4401 -0.1993 -0.0004
v 0.4852 -0.2121 -0.0303
v 0.5433 -0.1400 -0.0538
v 0.5356 -0.1126 -0.1016
v 0.4989 -0.0830 -0.1311
v 0.4472 -0.0626 -0.1311
v 0.4002 -0.0590 -0.1016
v 0.3759 -0.0737 -0.0538
v 0.3836 -0.1011 -0.0060
v 0.4202 -0.1307 0.0236
v 0.4720 -0.1512 0.0236
v 0.5190 -0.1547 -0.0060
v 0.5632 -0.0714 -0.0273
v 0.5507 -0.0452 -0.0747
v 0.5093 -0.0225 -0.1040
v 0.4546 -0.0121 -0.1040
v 0.4077 -0.0178 -0.0747
v 0.3864 -0.0376 -0.0273
v 0.3989 -0.0638 0.0202
v 0.4404 -0.0865 0.0495
v 0.4950 -0.0969 0.0495
v 0.5420 -0.0912 0.0202
vn 0.945 0.241 -0.222
vn 0.922 0.212 -0.325
vn 0.585 0.442 -0.680
vn 0.522 0.389 -0.759
vn 0.000 0.490 -0.872
vn -0.077 0.404 -0.911
vn -0.588 0.367 -0.721
vn -0.646 0.248 -0.722
vn -0.951 0.118 -0.286
vn -0.964 -0.020 -0.265
vn -0.951 -0.162 0.264
vn -0.912 -0.294 0.286
vn -0.588 -0.366 0.722
vn -0.508 -0.470 0.721
vn -0.000 -0.412 0.911
vn 0.092 -0.481 0.872
vn 0.586 -0.285 0.759
vn 0.658 -0.323 0.680
vn 0.945 -0.035 0.326
vn 0.973 -0.060 0.223
vn 0.883 0.412 -0.225
vn 0.867 0.378 -0.325
vn 0.494 0.536 -0.685
vn 0.443 0.473 -0.762
vn -0.090 0.472 -0.877
vn -0.148 0.374 -0.916
vn -0.645 0.242 -0.725
vn -0.678 0.116 -0.726
vn -0.955 -0.067 -0.288
vn -0.943 -0.202 -0.266
vn -0.904 -0.337 0.265
vn -0.842 -0.456 0.288
vn -0.510 -0.463 0.725
vn -0.415 -0.548 0.726
vn 0.076 -0.396 0.915
vn 0.176 -0.445 0.878
vn 0.627 -0.163 0.762
vn 0.703 -0.187 0.686
vn 0.934 0.146 0.326
vn 0.966 0.126 0.227
vn 0.793 0.564 -0.230
vn 0.786 0.527 -0.324
vn 0.391 0.604 -0.694
vn 0.356 0.534 -0.767
vn -0.169 0.428 -0.888
vn -0.205 0.324 -0.924
vn -0.672 0.101 -0.733
vn -0.680 -0.024 -0.733
vn -0.923 -0.252 -0.292
vn -0.887 -0.376 -0.269
vn -0.826 -0.497 0.267
vn -0.748 -0.597 0.291
vn -0.419 -0.538 0.731
vn -0.316 -0.600 0.735
vn 0.142 -0.359 0.922
vn 0.244 -0.387 0.889
vn 0.641 -0.029 0.767
vn 0.717 -0.040 0.696
vn 0.888 0.322 0.327
vn 0.922 0.308 0.233
vn 0.681 0.692 -0.238
vn 0.683 0.655 -0.323
vn 0.286 0.645 -0.708
vn 0.269 0.574 -0.774
vn -0.229 0.363 -0.903
vn -0.241 0.261 -0.935
vn -0.665 -0.047 -0.745
vn -0.650 -0.162 -0.743
vn -0.854 -0.428 -0.296
vn -0.799 -0.535 -0.273
vn -0.723 -0.636 0.270
vn -0.636 -0.713 0.295
vn -0.324 -0.589 0.741
vn -0.221 -0.628 0.747
vn 0.191 -0.304 0.933
vn 0.288 -0.312 0.905
vn 0.624 0.108 0.774
vn 0.694 0.110 0.711
vn 0.809 0.488 0.327
vn 0.844 0.478 0.242
vn 0.554 0.794 -0.248
vn 0.565 0.760 -0.322
vn 0.188 0.661 -0.726
vn 0.187 0.594 -0.782
vn -0.262 0.284 -0.922
vn -0.254 0.192 -0.948
vn -0.621 -0.193 -0.759
vn -0.587 -0.293 -0.755
vn -0.750 -0.588 -0.302
vn -0.685 -0.673 -0.278
vn -0.601 -0.751 0.275
vn -0.513 -0.804 0.301
vn -0.231 -0.617 0.752
vn -0.136 -0.634 0.761
vn 0.218 -0.237 0.947
vn 0.304 -0.230 0.925
vn 0.573 0.242 0.783
vn 0.636 0.253 0.729
vn 0.701 0.634 0.327
vn 0.735 0.629 0.254
vn 0.420 0.869 -0.261
vn 0.437 0.840 -0.321
vn 0.104 0.657 -0.747
vn 0.117 0.600 -0.791
vn -0.263 0.199 -0.944
vn -0.240 0.123 -0.963
vn -0.539 -0.329 -0.775
vn -0.494 -0.406 -0.768
vn -0.616 -0.725 -0.308
vn -0.549 -0.786 -0.284
vn -0.466 -0.839 0.280
vn -0.386 -0.870 0.306
vn -0.147 -0.626 0.766
vn -0.067 -0.626 0.777
vn 0.219 -0.165 0.962
vn 0.288 -0.148 0.946
vn 0.490 0.363 0.792
vn 0.542 0.379 0.750
vn 0.567 0.757 0.326
vn 0.599 0.755 0.267
vn 0.286 0.918 -0.274
vn 0.306 0.897 -0.318
vn 0.040 0.640 -0.768
vn 0.060 0.597 -0.800
vn -0.231 0.119 -0.966
vn -0.201 0.064 -0.977
vn -0.422 -0.444 -0.791
vn -0.376 -0.497 -0.782
vn -0.457 -0.833 -0.313
vn -0.399 -0.870 -0.291
vn -0.325 -0.901 0.287
vn -0.262 -0.914 0.310
vn -0.078 -0.621 0.780
vn -0.018 -0.611 0.792
vn 0.191 -0.098 0.977
vn 0.242 -0.077 0.967
vn 0.379 0.464 0.801
vn 0.417 0.482 0.771
vn 0.414 0.850 0.324
vn 0.442 0.852 0.281
vn 0.158 0.945 -0.287
vn 0.176 0.933 -0.314
vn -0.001 0.617 -0.787
vn 0.019 0.591 -0.806
vn -0.167 0.053 -0.985
vn -0.139 0.021 -0.990
vn -0.274 -0.529 -0.803
vn -0.238 -0.558 -0.795
vn -0.281 -0.906 -0.316
vn -0.240 -0.924 -0.299
vn -0.186 -0.938 0.294
vn -0.145 -0.939 0.311
vn -0.026 -0.608 0.793
vn 0.010 -0.596 0.803
vn 0.138 -0.044 0.990
vn 0.168 -0.025 0.986
vn 0.243 0.537 0.808
vn 0.267 0.552 0.790
vn 0.251 0.913 0.321
vn 0.270 0.917 0.294
vn 0.042 0.953 -0.299
vn 0.051 0.950 -0.309
vn -0.018 0.597 -0.802
vn -0.007 0.588 -0.809
vn -0.074 0.011 -0.997
vn -0.060 -0.000 -0.998
vn -0.104 -0.577 -0.810
vn -0.087 -0.587 -0.805
vn -0.096 -0.944 -0.315
vn -0.079 -0.949 -0.307
vn -0.054 -0.952 0.301
vn -0.038 -0.950 0.309
vn 0.006 -0.595 0.804
vn 0.019 -0.588 0.809
vn 0.061 -0.009 0.998
vn 0.072 0.000 0.997
vn 0.090 0.579 0.811
vn 0.099 0.586 0.804
vn 0.083 0.945 0.316
vn 0.092 0.948 0.306
vn -0.059 0.950 -0.308
vn -0.065 0.951 -0.303
vn -0.013 0.588 -0.809
vn -0.020 0.591 -0.806
vn 0.039 0.000 -0.999
vn 0.031 0.005 -1.000
vn 0.078 -0.585 -0.807
vn 0.068 -0.582 -0.811
vn 0.088 -0.947 -0.309
vn 0.079 -0.946 -0.315
vn 0.066 -0.949 0.308
vn 0.058 -0.951 0.302
vn 0.020 -0.588 0.809
vn 0.014 -0.592 0.806
vn -0.033 -0.000 0.999
vn -0.038 -0.006 0.999
vn -0.071 0.585 0.808
vn -0.076 0.581 0.810
vn -0.081 0.947 0.309
vn -0.086 0.946 0.314
vn -0.145 0.939 -0.311
vn -0.169 0.940 -0.296
vn 0.006 0.595 -0.804
vn -0.023 0.605 -0.796
vn 0.161 0.024 -0.987
vn 0.126 0.036 -0.991
vn 0.258 -0.553 -0.792
vn 0.221 -0.545 -0.809
vn 0.261 -0.918 -0.298
vn 0.228 -0.919 -0.321
vn 0.169 -0.935 0.312
vn 0.145 -0.946 0.290
vn 0.018 -0.592 0.806
vn 0.000 -0.611 0.791
vn -0.135 -0.020 0.991
vn -0.150 -0.043 0.988
vn -0.232 0.558 0.797
vn -0.247 0.539 0.805
vn -0.235 0.924 0.301
vn -0.255 0.914 0.316
vn -0.216 0.927 -0.306
vn -0.258 0.923 -0.287
vn 0.033 0.620 -0.784
vn -0.018 0.629 -0.777
vn 0.279 0.080 -0.957
vn 0.220 0.092 -0.971
vn 0.424 -0.486 -0.764
vn 0.365 -0.481 -0.797
vn 0.414 -0.866 -0.281
vn 0.366 -0.873 -0.324
vn 0.254 -0.915 0.314
vn 0.222 -0.936 0.273
vn 0.005 -0.610 0.792
vn -0.017 -0.644 0.765
vn -0.238 -0.068 0.969
vn -0.257 -0.107 0.961
vn -0.382 0.501 0.777
vn -0.405 0.466 0.786
vn -0.374 0.881 0.291
vn -0.406 0.859 0.311
vn -0.275 0.916 -0.293
vn -0.329 0.903 -0.277
vn 0.060 0.661 -0.748
vn -0.007 0.663 -0.749
vn 0.380 0.158 -0.911
vn 0.307 0.165 -0.937
vn 0.562 -0.398 -0.725
vn 0.494 -0.397 -0.773
vn 0.538 -0.801 -0.261
vn 0.488 -0.812 -0.319
vn 0.318 -0.896 0.309
vn 0.288 -0.923 0.254
vn -0.015 -0.643 0.766
vn -0.032 -0.685 0.728
vn -0.333 -0.139 0.933
vn -0.350 -0.188 0.918
vn -0.515 0.421 0.746
vn -0.541 0.375 0.753
vn -0.494 0.824 0.279
vn -0.534 0.792 0.297
vn -0.322 0.907 -0.273
vn -0.379 0.886 -0.266
vn 0.080 0.709 -0.701
vn 0.011 0.703 -0.711
vn 0.458 0.246 -0.854
vn 0.387 0.247 -0.888
vn 0.668 -0.304 -0.679
vn 0.607 -0.306 -0.733
vn 0.632 -0.737 -0.242
vn 0.591 -0.747 -0.304
vn 0.362 -0.884 0.295
vn 0.342 -0.909 0.238
vn -0.038 -0.688 0.725
vn -0.047 -0.728 0.684
vn -0.415 -0.223 0.882
vn -0.427 -0.273 0.862
vn -0.626 0.330 0.706
vn -0.649 0.282 0.706
vn -0.591 0.761 0.266
vn -0.631 0.725 0.276
vn -0.358 0.900 -0.250
vn -0.402 0.880 -0.252
vn 0.093 0.755 -0.649
vn 0.041 0.748 -0.663
vn 0.512 0.327 -0.794
vn 0.462 0.326 -0.825
vn 0.741 -0.221 -0.634
vn 0.701 -0.222 -0.677
vn 0.693 -0.684 -0.228
vn 0.670 -0.689 -0.276
vn 0.386 -0.882 0.271
vn 0.377 -0.898 0.227
vn -0.064 -0.738 0.672
vn -0.066 -0.766 0.639
vn -0.483 -0.309 0.819
vn -0.489 -0.345 0.801
vn -0.713 0.241 0.658
vn -0.729 0.204 0.653
vn -0.666 0.703 0.250
vn -0.696 0.672 0.251
vn -0.380 0.896 -0.231
vn -0.393 0.889 -0.233
vn 0.103 0.792 -0.602
vn 0.089 0.789 -0.607
vn 0.549 0.388 -0.741
vn 0.535 0.387 -0.751
vn 0.786 -0.164 -0.597
vn 0.776 -0.163 -0.609
vn 0.725 -0.652 -0.223
vn 0.720 -0.653 -0.236
vn 0.388 -0.891 0.238
vn 0.386 -0.894 0.225
vn -0.096 -0.787 0.609
vn -0.096 -0.795 0.599
vn -0.541 -0.382 0.749
vn -0.542 -0.392 0.743
vn -0.778 0.169 0.605
vn -0.783 0.159 0.602
vn -0.717 0.658 0.230
vn -0.726 0.648 0.229
vn -0.383 0.897 -0.221
vn -0.350 0.913 -0.210
vn 0.122 0.814 -0.568
vn 0.157 0.820 -0.550
vn 0.577 0.418 -0.702
vn 0.608 0.417 -0.676
vn 0.808 -0.141 -0.572
vn 0.829 -0.144 -0.540
vn 0.727 -0.648 -0.228
vn 0.737 -0.648 -0.193
vn 0.365 -0.909 0.199
vn 0.366 -0.901 0.232
vn -0.140 -0.826 0.546
vn -0.140 -0.808 0.572
vn -0.594 -0.430 0.680
vn -0.590 -0.404 0.699
vn -0.825 0.128 0.551
vn -0.812 0.156 0.563
vn -0.744 0.635 0.207
vn -0.720 0.659 0.216
vn -0.357 0.908 -0.219
vn -0.282 0.941 -0.186
vn 0.158 0.821 -0.549
vn 0.235 0.830 -0.505
vn 0.606 0.415 -0.679
vn 0.670 0.406 -0.622
vn 0.814 -0.154 -0.560
vn 0.855 -0.168 -0.490
vn 0.704 -0.670 -0.237
vn 0.722 -0.673 -0.161
vn 0.318 -0.933 0.166
vn 0.320 -0.917 0.240
vn -0.196 -0.846 0.496
vn -0.196 -0.806 0.559
vn -0.643 -0.441 0.627
vn -0.630 -0.382 0.675
vn -0.852 0.128 0.508
vn -0.817 0.191 0.544
vn -0.743 0.643 0.185
vn -0.684 0.697 0.214
vn -0.304 0.928 -0.217
vn -0.215 0.960 -0.178
vn 0.209 0.814 -0.541
vn 0.297 0.817 -0.494
vn 0.634 0.384 -0.671
vn 0.703 0.367 -0.609
vn 0.807 -0.197 -0.557
vn 0.850 -0.218 -0.479
vn 0.663 -0.708 -0.242
vn 0.682 -0.715 -0.155
vn 0.258 -0.954 0.153
vn 0.262 -0.934 0.241
vn -0.254 -0.841 0.478
vn -0.249 -0.792 0.557
vn -0.679 -0.412 0.608
vn -0.656 -0.343 0.672
vn -0.853 0.169 0.493
vn -0.804 0.243 0.543
vn -0.710 0.681 0.178
vn -0.635 0.741 0.218
vn -0.242 0.946 -0.214
vn -0.178 0.965 -0.191
vn 0.256 0.796 -0.548
vn 0.316 0.794 -0.520
vn 0.649 0.339 -0.681
vn 0.696 0.322 -0.642
vn 0.788 -0.251 -0.562
vn 0.817 -0.268 -0.510
vn 0.620 -0.748 -0.237
vn 0.633 -0.754 -0.176
vn 0.208 -0.963 0.170
vn 0.214 -0.948 0.234
vn -0.290 -0.814 0.503
vn -0.280 -0.778 0.563
vn -0.684 -0.357 0.636
vn -0.661 -0.306 0.685
vn -0.823 0.233 0.518
vn -0.782 0.285 0.554
vn -0.654 0.731 0.193
vn -0.598 0.771 0.219
vn -0.202 0.955 -0.219
vn -0.185 0.959 -0.215
vn 0.271 0.773 -0.574
vn 0.286 0.771 -0.568
vn 0.638 0.295 -0.712
vn 0.650 0.290 -0.703
vn 0.759 -0.295 -0.580
vn 0.767 -0.300 -0.567
vn 0.589 -0.775 -0.229
vn 0.594 -0.776 -0.212
vn 0.192 -0.959 0.207
vn 0.195 -0.955 0.225
vn -0.281 -0.778 0.562
vn -0.277 -0.767 0.579
vn -0.648 -0.300 0.700
vn -0.640 -0.286 0.713
vn -0.769 0.291 0.569
vn -0.757 0.305 0.577
vn -0.599 0.771 0.218
vn -0.583 0.781 0.223
vn -0.205 0.950 -0.236
vn -0.229 0.944 -0.237
vn 0.237 0.749 -0.618
vn 0.214 0.752 -0.623
vn 0.592 0.265 -0.761
vn 0.573 0.272 -0.773
vn 0.724 -0.320 -0.612
vn 0.710 -0.313 -0.631
vn 0.581 -0.782 -0.225
vn 0.573 -0.781 -0.250
vn 0.220 -0.943 0.251
vn 0.213 -0.951 0.224
vn -0.222 -0.742 0.633
vn -0.232 -0.760 0.608
vn -0.576 -0.257 0.776
vn -0.590 -0.281 0.757
vn -0.708 0.327 0.627
vn -0.726 0.305 0.616
vn -0.566 0.788 0.240
vn -0.589 0.773 0.236
vn -0.256 0.931 -0.260
vn -0.303 0.918 -0.255
vn 0.156 0.725 -0.671
vn 0.110 0.729 -0.675
vn 0.515 0.245 -0.822
vn 0.474 0.260 -0.841
vn 0.683 -0.326 -0.654
vn 0.652 -0.313 -0.691
vn 0.596 -0.769 -0.230
vn 0.573 -0.770 -0.280
vn 0.289 -0.913 0.287
vn 0.268 -0.935 0.232
vn -0.121 -0.706 0.698
vn -0.146 -0.747 0.648
vn -0.479 -0.228 0.848
vn -0.510 -0.279 0.814
vn -0.649 0.341 0.680
vn -0.686 0.293 0.666
vn -0.564 0.785 0.257
vn -0.607 0.752 0.258
vn -0.345 0.895 -0.284
vn -0.397 0.877 -0.270
vn 0.038 0.690 -0.723
vn -0.016 0.693 -0.721
vn 0.413 0.226 -0.882
vn 0.363 0.240 -0.900
vn 0.639 -0.320 -0.699
vn 0.597 -0.310 -0.740
vn 0.628 -0.739 -0.243
vn 0.594 -0.747 -0.300
vn 0.386 -0.869 0.311
vn 0.354 -0.902 0.248
vn 0.005 -0.663 0.748
vn -0.028 -0.719 0.694
vn -0.371 -0.203 0.906
vn -0.405 -0.268 0.874
vn -0.599 0.341 0.725
vn -0.637 0.282 0.718
vn -0.589 0.762 0.270
vn -0.634 0.721 0.280
vn -0.459 0.835 -0.302
vn -0.502 0.817 -0.283
vn -0.103 0.635 -0.765
vn -0.152 0.635 -0.758
vn 0.299 0.198 -0.934
vn 0.249 0.206 -0.946
vn 0.594 -0.312 -0.741
vn 0.550 -0.308 -0.776
vn 0.670 -0.695 -0.261
vn 0.632 -0.710 -0.311
vn 0.497 -0.806 0.322
vn 0.463 -0.845 0.268
vn 0.143 -0.606 0.783
vn 0.112 -0.665 0.739
vn -0.260 -0.172 0.950
vn -0.287 -0.237 0.928
vn -0.557 0.335 0.760
vn -0.585 0.278 0.762
vn -0.633 0.721 0.280
vn -0.668 0.682 0.298
vn -0.583 0.750 -0.313
vn -0.612 0.734 -0.294
vn -0.250 0.554 -0.794
vn -0.286 0.550 -0.784
vn 0.183 0.151 -0.971
vn 0.145 0.152 -0.978
vn 0.553 -0.306 -0.775
vn 0.516 -0.310 -0.798
vn 0.715 -0.640 -0.279
vn 0.684 -0.658 -0.314
vn 0.610 -0.723 0.323
vn 0.584 -0.759 0.287
vn 0.278 -0.528 0.802
vn 0.258 -0.577 0.775
vn -0.156 -0.128 0.979
vn -0.170 -0.179 0.969
vn -0.526 0.327 0.785
vn -0.540 0.284 0.792
vn -0.689 0.664 0.290
vn -0.709 0.634 0.308
vn -0.703 0.637 -0.316
vn -0.717 0.628 -0.304
vn -0.387 0.444 -0.808
vn -0.405 0.440 -0.801
vn 0.080 0.084 -0.993
vn 0.059 0.082 -0.995
vn 0.520 -0.306 -0.797
vn 0.500 -0.312 -0.808
vn 0.763 -0.575 -0.295
vn 0.746 -0.589 -0.311
vn 0.716 -0.621 0.319
vn 0.704 -0.643 0.302
vn 0.400 -0.428 0.810
vn 0.392 -0.456 0.799
vn -0.067 -0.070 0.995
vn -0.071 -0.098 0.993
vn -0.507 0.319 0.800
vn -0.511 0.297 0.807
vn -0.750 0.590 0.298
vn -0.758 0.574 0.310
vn -0.809 0.499 -0.312
vn -0.809 0.498 -0.312
vn -0.500 0.308 -0.809
vn -0.500 0.308 -0.809
vn 0.000 0.000 -1.000
vn 0.000 0.000 -1.000
vn 0.502 -0.309 -0.808
vn 0.502 -0.309 -0.808
vn 0.811 -0.500 -0.305
vn 0.811 -0.500 -0.305
vn 0.809 -0.498 0.312
vn 0.809 -0.499 0.312
vn 0.500 -0.308 0.809
vn 0.500 -0.308 0.809
vn 0.000 0.000 1.000
vn 0.000 0.000 1.000
vn -0.502 0.309 0.808
vn -0.502 0.309 0.808
vn -0.811 0.500 0.305
vn -0.811 0.499 0.305
vn -0.891 0.339 -0.303
vn -0.882 0.349 -0.318
vn -0.580 0.154 -0.800
vn -0.564 0.161 -0.810
vn -0.049 -0.094 -0.994
vn -0.029 -0.086 -0.996
vn 0.501 -0.310 -0.808
vn 0.520 -0.297 -0.801
vn 0.857 -0.411 -0.311
vn 0.871 -0.391 -0.298
vn 0.883 -0.357 0.304
vn 0.889 -0.331 0.316
vn 0.572 -0.170 0.802
vn 0.571 -0.142 0.809
vn 0.041 0.078 0.996
vn 0.035 0.104 0.994
vn -0.510 0.294 0.809
vn -0.514 0.314 0.798
vn -0.865 0.393 0.311
vn -0.864 0.407 0.296
vn -0.943 0.165 -0.290
vn -0.929 0.183 -0.322
vn -0.621 -0.010 -0.784
vn -0.592 0.007 -0.806
vn -0.063 -0.189 -0.980
vn -0.027 -0.167 -0.986
vn 0.518 -0.303 -0.800
vn 0.551 -0.271 -0.789
vn 0.899 -0.308 -0.311
vn 0.920 -0.263 -0.291
vn 0.934 -0.201 0.296
vn 0.938 -0.147 0.315
vn 0.611 -0.023 0.791
vn 0.600 0.031 0.800
vn 0.053 0.157 0.986
vn 0.033 0.202 0.979
vn -0.529 0.270 0.805
vn -0.546 0.304 0.781
vn -0.909 0.272 0.316
vn -0.912 0.296 0.283
vn -0.961 -0.018 -0.276
vn -0.946 0.007 -0.325
vn -0.621 -0.175 -0.764
vn -0.584 -0.146 -0.798
vn -0.045 -0.275 -0.960
vn 0.002 -0.236 -0.972
vn 0.550 -0.280 -0.787
vn 0.590 -0.226 -0.775
vn 0.932 -0.188 -0.309
vn 0.951 -0.119 -0.284
vn 0.957 -0.033 0.289
vn 0.949 0.044 0.311
vn 0.616 0.127 0.778
vn 0.586 0.198 0.786
vn 0.037 0.229 0.973
vn -0.002 0.285 0.959
vn -0.557 0.232 0.797
vn -0.589 0.272 0.761
vn -0.938 0.138 0.319
vn -0.949 0.166 0.269
vn -0.944 -0.202 -0.262
vn -0.929 -0.172 -0.326
vn -0.582 -0.330 -0.743
vn -0.542 -0.289 -0.789
vn 0.003 -0.344 -0.939
vn 0.053 -0.286 -0.957
vn 0.590 -0.239 -0.771
vn 0.628 -0.162 -0.761
vn 0.951 -0.054 -0.304
vn 0.960 0.037 -0.278
vn 0.949 0.141 0.282
vn 0.923 0.234 0.306
vn 0.585 0.272 0.764
vn 0.533 0.351 0.770
vn -0.002 0.287 0.958
vn -0.064 0.345 0.937
vn -0.588 0.179 0.788
vn -0.637 0.218 0.740
vn -0.947 -0.008 0.321
vn -0.966 0.021 0.256
vn -0.891 -0.380 -0.250
vn -0.879 -0.347 -0.327
vn -0.508 -0.468 -0.723
vn -0.469 -0.415 -0.780
vn 0.072 -0.390 -0.918
vn 0.119 -0.314 -0.942
vn 0.630 -0.176 -0.756
vn 0.659 -0.079 -0.748
vn 0.950 0.092 -0.299
vn 0.941 0.199 -0.273
vn 0.908 0.314 0.276
vn 0.859 0.414 0.300
vn 0.523 0.404 0.751
vn 0.446 0.482 0.754
vn -0.060 0.326 0.943
vn -0.143 0.376 0.916
vn -0.617 0.110 0.779
vn -0.680 0.139 0.720
vn -0.933 -0.161 0.323
vn -0.960 -0.136 0.245
vn -0.803 -0.545 -0.239
vn -0.796 -0.510 -0.327
vn -0.405 -0.581 -0.706
vn -0.371 -0.517 -0.772
vn 0.155 -0.409 -0.900
vn 0.192 -0.315 -0.929
vn 0.664 -0.093 -0.742
vn 0.675 0.021 -0.737
vn 0.924 0.246 -0.294
vn 0.893 0.362 -0.269
vn 0.835 0.478 0.272
vn 0.761 0.577 0.295
vn 0.433 0.516 0.739
vn 0.333 0.583 0.741
vn -0.130 0.342 0.931
vn -0.229 0.377 0.897
vn -0.636 0.024 0.771
vn -0.710 0.040 0.703
vn -0.892 -0.315 0.324
vn -0.925 -0.298 0.235
vn -0.685 -0.691 -0.231
vn -0.683 -0.654 -0.327
vn -0.280 -0.665 -0.692
vn -0.255 -0.591 -0.765
vn 0.242 -0.398 -0.885
vn 0.263 -0.292 -0.920
vn 0.682 0.009 -0.731
vn 0.672 0.132 -0.729
vn 0.869 0.401 -0.290
vn 0.813 0.518 -0.266
vn 0.731 0.628 0.268
vn 0.634 0.717 0.290
vn 0.321 0.603 0.730
vn 0.204 0.652 0.730
vn -0.203 0.334 0.920
vn -0.313 0.348 0.884
vn -0.640 -0.076 0.765
vn -0.719 -0.076 0.690
vn -0.823 -0.467 0.324
vn -0.859 -0.458 0.228
vn -0.542 -0.810 -0.225
vn -0.545 -0.773 -0.326
vn -0.143 -0.716 -0.684
vn -0.131 -0.636 -0.760
vn 0.323 -0.359 -0.875
vn 0.324 -0.246 -0.913
vn 0.679 0.125 -0.724
vn 0.644 0.249 -0.723
vn 0.784 0.550 -0.287
vn 0.704 0.659 -0.265
vn 0.599 0.755 0.266
vn 0.483 0.827 0.287
vn 0.196 0.661 0.724
vn 0.067 0.687 0.723
vn -0.272 0.302 0.914
vn -0.386 0.293 0.875
vn -0.623 -0.184 0.760
vn -0.703 -0.202 0.682
vn -0.725 -0.608 0.325
vn -0.762 -0.607 0.224
vn -0.379 -0.898 -0.223
vn -0.388 -0.862 -0.326
vn -0.002 -0.734 -0.680
vn -0.005 -0.652 -0.759
vn 0.391 -0.297 -0.871
vn 0.370 -0.183 -0.911
vn 0.648 0.246 -0.721
vn 0.589 0.364 -0.721
vn 0.669 0.686 -0.286
vn 0.568 0.779 -0.264
vn 0.446 0.855 0.264
vn 0.317 0.904 0.286
vn 0.064 0.689 0.722
vn -0.068 0.690 0.721
vn -0.329 0.250 0.911
vn -0.440 0.218 0.871
vn -0.582 -0.294 0.759
vn -0.656 -0.328 0.680
vn -0.600 -0.731 0.325
vn -0.636 -0.739 0.222
vn -0.204 -0.953 -0.223
vn -0.221 -0.920 -0.325
vn 0.134 -0.720 -0.681
vn 0.115 -0.640 -0.759
vn 0.437 -0.217 -0.873
vn 0.394 -0.110 -0.912
vn 0.588 0.364 -0.722
vn 0.508 0.469 -0.723
vn 0.527 0.800 -0.287
vn 0.411 0.872 -0.265
vn 0.277 0.924 0.264
vn 0.143 0.947 0.287
vn -0.065 0.688 0.722
vn -0.193 0.664 0.722
vn -0.367 0.182 0.912
vn -0.469 0.131 0.873
vn -0.514 -0.399 0.760
vn -0.580 -0.446 0.682
vn -0.451 -0.831 0.326
vn -0.485 -0.845 0.224
vn -0.026 -0.974 -0.226
vn -0.050 -0.945 -0.325
vn 0.257 -0.680 -0.687
vn 0.222 -0.607 -0.763
vn 0.458 -0.128 -0.880
vn 0.396 -0.033 -0.918
vn 0.499 0.471 -0.727
vn 0.402 0.556 -0.728
vn 0.363 0.886 -0.289
vn 0.238 0.934 -0.267
vn 0.101 0.959 0.266
vn -0.031 0.957 0.289
vn -0.185 0.662 0.727
vn -0.301 0.615 0.728
vn -0.384 0.107 0.917
vn -0.471 0.040 0.881
vn -0.421 -0.491 0.763
vn -0.476 -0.547 0.689
vn -0.283 -0.902 0.326
vn -0.315 -0.921 0.229
vn 0.149 -0.961 -0.232
vn 0.119 -0.939 -0.324
vn 0.360 -0.619 -0.698
vn 0.313 -0.558 -0.769
vn 0.450 -0.038 -0.892
vn 0.373 0.038 -0.927
vn 0.382 0.557 -0.737
vn 0.276 0.618 -0.736
vn 0.182 0.939 -0.293
vn 0.057 0.961 -0.270
vn -0.075 0.960 0.268
vn -0.197 0.936 0.292
vn -0.289 0.614 0.734
vn -0.388 0.552 0.738
vn -0.377 0.032 0.926
vn -0.445 -0.045 0.894
vn -0.305 -0.562 0.769
vn -0.348 -0.623 0.701
vn -0.104 -0.939 0.327
vn -0.133 -0.963 0.236
vn 0.311 -0.919 -0.241
vn 0.277 -0.905 -0.323
vn 0.440 -0.545 -0.714
vn 0.384 -0.500 -0.776
vn 0.414 0.042 -0.909
vn 0.331 0.096 -0.939
vn 0.244 0.615 -0.750
vn 0.137 0.651 -0.747
vn -0.008 0.954 -0.298
vn -0.123 0.954 -0.275
vn -0.244 0.931 0.272
vn -0.349 0.889 0.297
vn -0.374 0.553 0.744
vn -0.452 0.481 0.751
vn -0.346 -0.035 0.938
vn -0.395 -0.114 0.911
vn -0.172 -0.606 0.777
vn -0.202 -0.667 0.717
vn 0.079 -0.942 0.327
vn 0.054 -0.968 0.246
vn 0.457 -0.853 -0.252
vn 0.422 -0.847 -0.322
vn 0.494 -0.468 -0.733
vn 0.436 -0.439 -0.785
vn 0.355 0.103 -0.929
vn 0.272 0.134 -0.953
vn 0.091 0.638 -0.765
vn -0.009 0.651 -0.759
vn -0.197 0.932 -0.304
vn -0.297 0.913 -0.280
vn -0.400 0.874 0.277
vn -0.482 0.822 0.302
vn -0.438 0.485 0.757
vn -0.493 0.412 0.766
vn -0.295 -0.085 0.952
vn -0.326 -0.161 0.932
vn -0.029 -0.617 0.786
vn -0.047 -0.675 0.736
vn 0.258 -0.909 0.327
vn 0.238 -0.936 0.258
vn 0.582 -0.769 -0.265
vn 0.550 -0.772 -0.320
vn 0.525 -0.396 -0.754
vn 0.471 -0.383 -0.794
vn 0.277 0.136 -0.951
vn 0.203 0.148 -0.968
vn -0.068 0.621 -0.781
vn -0.152 0.616 -0.773
vn -0.379 0.872 -0.309
vn -0.457 0.842 -0.287
vn -0.538 0.794 0.282
vn -0.596 0.742 0.307
vn -0.481 0.418 0.771
vn -0.514 0.353 0.782
vn -0.229 -0.113 0.967
vn -0.244 -0.178 0.953
vn 0.118 -0.595 0.795
vn 0.109 -0.644 0.757
vn 0.426 -0.844 0.326
vn 0.411 -0.870 0.271
vn 0.684 -0.675 -0.278
vn 0.658 -0.683 -0.317
vn 0.536 -0.336 -0.775
vn 0.493 -0.336 -0.802
vn 0.189 0.137 -0.972
vn 0.132 0.135 -0.982
vn -0.224 0.563 -0.795
vn -0.285 0.548 -0.787
vn -0.546 0.777 -0.314
vn -0.599 0.745 -0.294
vn -0.654 0.699 0.289
vn -0.689 0.655 0.311
vn -0.505 0.359 0.785
vn -0.521 0.308 0.796
vn -0.156 -0.114 0.981
vn -0.159 -0.162 0.974
vn 0.258 -0.536 0.804
vn 0.256 -0.574 0.778
vn 0.577 -0.750 0.323
vn 0.567 -0.773 0.285
vn 0.763 -0.577 -0.292
vn 0.748 -0.586 -0.313
vn 0.532 -0.297 -0.793
vn 0.506 -0.302 -0.808
vn 0.100 0.102 -0.990
vn 0.067 0.094 -0.993
vn -0.366 0.465 -0.806
vn -0.400 0.449 -0.799
vn -0.689 0.652 -0.316
vn -0.717 0.629 -0.301
vn -0.748 0.594 0.296
vn -0.763 0.566 0.311
vn -0.516 0.313 0.797
vn -0.520 0.283 0.806
vn -0.083 -0.084 0.993
vn -0.080 -0.113 0.990
vn 0.384 -0.445 0.809
vn 0.385 -0.468 0.795
vn 0.706 -0.632 0.319
vn 0.701 -0.648 0.299
vn 0.822 -0.482 -0.303
vn 0.818 -0.486 -0.307
vn 0.522 -0.280 -0.806
vn 0.515 -0.283 -0.809
vn 0.022 0.031 -0.999
vn 0.014 0.027 -1.000
vn -0.484 0.331 -0.810
vn -0.492 0.325 -0.808
vn -0.805 0.504 -0.314
vn -0.810 0.497 -0.309
vn -0.819 0.487 0.303
vn -0.822 0.480 0.308
vn -0.519 0.285 0.806
vn -0.518 0.278 0.809
vn -0.018 -0.025 1.000
vn -0.016 -0.032 0.999
vn 0.488 -0.324 0.810
vn 0.489 -0.330 0.807
vn 0.808 -0.498 0.314
vn 0.807 -0.503 0.309
vn 0.865 -0.396 -0.309
vn 0.872 -0.387 -0.301
vn 0.513 -0.287 -0.809
vn 0.526 -0.278 -0.804
vn -0.036 -0.071 -0.997
vn -0.021 -0.060 -0.998
vn -0.570 0.169 -0.804
vn -0.556 0.183 -0.811
vn -0.888 0.343 -0.306
vn -0.878 0.358 -0.317
vn -0.870 0.384 0.309
vn -0.867 0.399 0.299
vn -0.519 0.276 0.809
vn -0.522 0.290 0.802
vn 0.030 0.059 0.998
vn 0.025 0.072 0.997
vn 0.565 -0.182 0.805
vn 0.561 -0.170 0.810
vn 0.883 -0.355 0.307
vn 0.884 -0.345 0.315
vn 0.895 -0.320 -0.310
vn 0.910 -0.294 -0.293
vn 0.513 -0.314 -0.799
vn 0.541 -0.287 -0.791
vn -0.067 -0.194 -0.979
vn -0.034 -0.163 -0.986
vn -0.620 -0.006 -0.784
vn -0.591 0.029 -0.806
vn -0.939 0.179 -0.293
vn -0.922 0.214 -0.322
vn -0.904 0.291 0.313
vn -0.902 0.323 0.285
vn -0.523 0.286 0.803
vn -0.535 0.315 0.784
vn 0.056 0.164 0.985
vn 0.040 0.193 0.980
vn 0.611 -0.026 0.791
vn 0.599 0.003 0.801
vn 0.931 -0.210 0.298
vn 0.931 -0.183 0.315
vn 0.918 -0.256 -0.302
vn 0.935 -0.212 -0.284
vn 0.526 -0.353 -0.773
vn 0.561 -0.306 -0.769
vn -0.067 -0.324 -0.943
vn -0.026 -0.273 -0.962
vn -0.634 -0.180 -0.752
vn -0.599 -0.128 -0.791
vn -0.961 0.026 -0.274
vn -0.943 0.073 -0.323
vn -0.925 0.214 0.313
vn -0.930 0.254 0.267
vn -0.536 0.311 0.785
vn -0.558 0.347 0.754
vn 0.058 0.279 0.958
vn 0.030 0.317 0.948
vn 0.627 0.133 0.768
vn 0.606 0.174 0.777
vn 0.955 -0.071 0.287
vn 0.951 -0.028 0.307
vn 0.936 -0.204 -0.287
vn 0.951 -0.146 -0.273
vn 0.552 -0.396 -0.733
vn 0.586 -0.336 -0.737
vn -0.042 -0.448 -0.893
vn -0.001 -0.386 -0.923
vn -0.618 -0.338 -0.710
vn -0.585 -0.279 -0.762
vn -0.961 -0.107 -0.254
vn -0.947 -0.059 -0.316
vn -0.940 0.156 0.305
vn -0.949 0.192 0.248
vn -0.558 0.348 0.754
vn -0.587 0.382 0.714
vn 0.037 0.396 0.917
vn 0.001 0.435 0.900
vn 0.616 0.285 0.734
vn 0.588 0.331 0.738
vn 0.960 0.056 0.275
vn 0.951 0.109 0.291
vn 0.951 -0.162 -0.265
vn 0.960 -0.104 -0.261
vn 0.586 -0.436 -0.683
vn 0.612 -0.376 -0.696
vn -0.001 -0.552 -0.834
vn 0.032 -0.494 -0.869
vn -0.586 -0.466 -0.663
vn -0.559 -0.417 -0.716
vn -0.949 -0.209 -0.236
vn -0.939 -0.174 -0.296
vn -0.950 0.118 0.288
vn -0.962 0.144 0.233
vn -0.587 0.392 0.709
vn -0.616 0.417 0.669
vn 0.001 0.506 0.862
vn -0.035 0.538 0.842
vn 0.588 0.420 0.691
vn 0.559 0.462 0.689
vn 0.951 0.165 0.261
vn 0.939 0.216 0.268
vn 0.961 -0.131 -0.243
vn 0.965 -0.092 -0.246
vn 0.618 -0.468 -0.632
vn 0.633 -0.428 -0.645
vn 0.040 -0.631 -0.775
vn 0.059 -0.596 -0.801
vn -0.552 -0.558 -0.620
vn -0.536 -0.532 -0.656
vn -0.934 -0.277 -0.225
vn -0.929 -0.260 -0.264
vn -0.960 0.105 0.261
vn -0.967 0.116 0.226
vn -0.617 0.441 0.652
vn -0.636 0.453 0.625
vn -0.039 0.603 0.797
vn -0.062 0.622 0.781
vn 0.554 0.531 0.641
vn 0.535 0.557 0.635
vn 0.937 0.251 0.244
vn 0.927 0.285 0.243
vn 0.967 -0.115 -0.226
vn 0.967 -0.117 -0.226
vn 0.640 -0.494 -0.589
vn 0.639 -0.496 -0.588
vn 0.068 -0.684 -0.726
vn 0.068 -0.685 -0.725
vn -0.529 -0.613 -0.587
vn -0.530 -0.614 -0.585
vn -0.925 -0.307 -0.224
vn -0.925 -0.308 -0.222
vn -0.967 0.116 0.225
vn -0.967 0.116 0.227
vn -0.640 0.495 0.588
vn -0.639 0.495 0.589
vn -0.068 0.685 0.726
vn -0.068 0.684 0.726
vn 0.529 0.613 0.587
vn 0.530 0.612 0.587
vn 0.925 0.308 0.223
vn 0.925 0.306 0.223
vn 0.968 -0.123 -0.220
vn 0.964 -0.176 -0.201
vn 0.642 -0.523 -0.560
vn 0.624 -0.572 -0.533
vn 0.071 -0.718 -0.692
vn 0.046 -0.755 -0.654
vn -0.528 -0.632 -0.567
vn -0.549 -0.655 -0.520
vn -0.926 -0.299 -0.231
vn -0.933 -0.310 -0.181
vn -0.970 0.154 0.187
vn -0.961 0.147 0.234
vn -0.645 0.554 0.527
vn -0.621 0.541 0.566
vn -0.074 0.748 0.660
vn -0.044 0.724 0.689
vn 0.525 0.662 0.535
vn 0.550 0.624 0.554
vn 0.923 0.330 0.199
vn 0.936 0.281 0.214
vn 0.962 -0.161 -0.219
vn 0.951 -0.251 -0.181
vn 0.623 -0.561 -0.545
vn 0.588 -0.638 -0.497
vn 0.045 -0.737 -0.675
vn 0.000 -0.791 -0.612
vn -0.550 -0.621 -0.558
vn -0.587 -0.651 -0.482
vn -0.936 -0.259 -0.239
vn -0.950 -0.272 -0.156
vn -0.964 0.212 0.159
vn -0.950 0.201 0.241
vn -0.625 0.611 0.486
vn -0.587 0.587 0.557
vn -0.048 0.787 0.615
vn -0.000 0.740 0.672
vn 0.547 0.672 0.499
vn 0.587 0.601 0.542
vn 0.933 0.310 0.180
vn 0.951 0.222 0.216
vn 0.951 -0.222 -0.216
vn 0.933 -0.310 -0.180
vn 0.587 -0.601 -0.542
vn 0.547 -0.672 -0.499
vn 0.000 -0.740 -0.672
vn -0.048 -0.787 -0.615
vn -0.587 -0.587 -0.557
vn -0.625 -0.611 -0.486
vn -0.950 -0.201 -0.241
vn -0.964 -0.212 -0.159
vn -0.950 0.272 0.156
vn -0.936 0.259 0.239
vn -0.587 0.651 0.482
vn -0.550 0.621 0.558
vn -0.000 0.791 0.612
vn 0.045 0.737 0.675
vn 0.588 0.638 0.497
vn 0.623 0.561 0.545
vn 0.951 0.251 0.181
vn 0.962 0.161 0.219
vn 0.936 -0.281 -0.214
vn 0.923 -0.330 -0.199
vn 0.550 -0.624 -0.554
vn 0.525 -0.662 -0.535
vn -0.044 -0.724 -0.689
vn -0.074 -0.748 -0.660
vn -0.621 -0.541 -0.566
vn -0.645 -0.554 -0.527
vn -0.961 -0.147 -0.234
vn -0.970 -0.154 -0.187
vn -0.933 0.310 0.181
vn -0.926 0.299 0.231
vn -0.549 0.655 0.520
vn -0.528 0.632 0.567
vn 0.046 0.755 0.654
vn 0.071 0.718 0.692
vn 0.624 0.572 0.533
vn 0.642 0.523 0.560
vn 0.964 0.176 0.201
vn 0.968 0.123 0.220
vn 0.925 -0.306 -0.223
vn 0.925 -0.308 -0.223
vn 0.530 -0.612 -0.587
vn 0.529 -0.613 -0.587
vn -0.068 -0.684 -0.726
vn -0.068 -0.685 -0.726
vn -0.639 -0.495 -0.589
vn -0.640 -0.495 -0.588
vn -0.967 -0.116 -0.227
vn -0.967 -0.116 -0.225
vn -0.925 0.308 0.222
vn -0.925 0.307 0.224
vn -0.530 0.614 0.585
vn -0.529 0.613 0.587
vn 0.068 0.685 0.725
vn 0.068 0.684 0.726
vn 0.639 0.496 0.588
vn 0.640 0.494 0.589
vn 0.967 0.117 0.226
vn 0.967 0.115 0.226
vn 0.927 -0.285 -0.243
vn 0.937 -0.251 -0.244
vn 0.535 -0.557 -0.635
vn 0.554 -0.531 -0.641
vn -0.062 -0.622 -0.781
vn -0.039 -0.603 -0.797
vn -0.636 -0.453 -0.625
vn -0.617 -0.441 -0.652
vn -0.967 -0.116 -0.226
vn -0.960 -0.105 -0.261
vn -0.929 0.260 0.264
vn -0.934 0.277 0.225
vn -0.536 0.532 0.656
vn -0.552 0.558 0.620
vn 0.059 0.596 0.801
vn 0.040 0.631 0.775
vn 0.633 0.428 0.645
vn 0.618 0.468 0.632
vn 0.965 0.092 0.246
vn 0.961 0.131 0.243
vn 0.939 -0.216 -0.268
vn 0.951 -0.165 -0.261
vn 0.559 -0.462 -0.689
vn 0.588 -0.420 -0.691
vn -0.035 -0.538 -0.842
vn 0.001 -0.506 -0.862
vn -0.616 -0.417 -0.669
vn -0.587 -0.392 -0.709
vn -0.962 -0.144 -0.233
vn -0.950 -0.118 -0.288
vn -0.939 0.174 0.296
vn -0.949 0.209 0.236
vn -0.559 0.417 0.716
vn -0.586 0.466 0.663
vn 0.032 0.494 0.869
vn -0.001 0.552 0.834
vn 0.612 0.376 0.696
vn 0.586 0.436 0.683
vn 0.960 0.104 0.261
vn 0.951 0.162 0.265
vn 0.951 -0.109 -0.291
vn 0.960 -0.056 -0.275
vn 0.588 -0.331 -0.738
vn 0.616 -0.285 -0.734
vn 0.001 -0.435 -0.900
vn 0.037 -0.396 -0.917
vn -0.587 -0.382 -0.714
vn -0.558 -0.348 -0.754
vn -0.949 -0.192 -0.248
vn -0.940 -0.156 -0.305
vn -0.947 0.059 0.316
vn -0.961 0.107 0.254
vn -0.585 0.279 0.762
vn -0.618 0.338 0.710
vn -0.001 0.386 0.923
vn -0.042 0.448 0.893
vn 0.586 0.336 0.737
vn 0.552 0.396 0.733
vn 0.951 0.146 0.273
vn 0.936 0.204 0.287
vn 0.951 0.028 -0.307
vn 0.955 0.071 -0.287
vn 0.606 -0.174 -0.777
vn 0.627 -0.133 -0.768
vn 0.030 -0.317 -0.948
vn 0.058 -0.279 -0.958
vn -0.558 -0.347 -0.754
vn -0.536 -0.311 -0.785
vn -0.930 -0.254 -0.267
vn -0.925 -0.214 -0.313
vn -0.943 -0.073 0.323
vn -0.961 -0.026 0.274
vn -0.599 0.128 0.791
vn -0.634 0.180 0.752
vn -0.026 0.273 0.962
vn -0.067 0.324 0.943
vn 0.561 0.306 0.769
vn 0.526 0.353 0.773
vn 0.935 0.212 0.284
vn 0.918 0.256 0.302
vn 0.931 0.183 -0.315
vn 0.931 0.210 -0.298
vn 0.599 -0.003 -0.801
vn 0.611 0.026 -0.791
vn 0.040 -0.193 -0.980
vn 0.056 -0.164 -0.985
vn -0.535 -0.315 -0.784
vn -0.523 -0.286 -0.803
vn -0.902 -0.323 -0.285
vn -0.904 -0.291 -0.313
vn -0.922 -0.214 0.322
vn -0.939 -0.179 0.293
vn -0.591 -0.029 0.806
vn -0.620 0.006 0.784
vn -0.034 0.163 0.986
vn -0.067 0.194 0.979
vn 0.541 0.287 0.791
vn 0.513 0.314 0.799
vn 0.910 0.294 0.293
vn 0.895 0.320 0.310
vn 0.884 0.345 -0.315
vn 0.883 0.355 -0.307
vn 0.561 0.170 -0.810
vn 0.565 0.182 -0.805
vn 0.025 -0.072 -0.997
vn 0.030 -0.059 -0.998
vn -0.522 -0.290 -0.802
vn -0.519 -0.276 -0.809
vn -0.867 -0.399 -0.299
vn -0.870 -0.384 -0.309
vn -0.878 -0.358 0.317
vn -0.888 -0.343 0.306
vn -0.556 -0.183 0.811
vn -0.570 -0.169 0.804
vn -0.021 0.060 0.998
vn -0.036 0.071 0.997
vn 0.526 0.278 0.804
vn 0.513 0.287 0.809
vn 0.872 0.387 0.301
vn 0.865 0.396 0.309
vn 0.807 0.503 -0.309
vn 0.808 0.498 -0.314
vn 0.489 0.330 -0.807
vn 0.488 0.324 -0.810
vn -0.016 0.032 -0.999
vn -0.018 0.025 -1.000
vn -0.518 -0.278 -0.809
vn -0.519 -0.285 -0.806
vn -0.822 -0.480 -0.308
vn -0.819 -0.487 -0.303
vn -0.810 -0.497 0.309
vn -0.805 -0.504 0.314
vn -0.492 -0.325 0.808
vn -0.484 -0.331 0.810
vn 0.014 -0.027 1.000
vn 0.022 -0.031 0.999
vn 0.515 0.283 0.809
vn 0.522 0.280 0.806
vn 0.818 0.486 0.307
vn 0.822 0.482 0.303
vn 0.701 0.648 -0.299
vn 0.706 0.632 -0.319
vn 0.385 0.468 -0.795
vn 0.384 0.445 -0.809
vn -0.080 0.113 -0.990
vn -0.083 0.084 -0.993
vn -0.520 -0.283 -0.806
vn -0.516 -0.313 -0.797
vn -0.763 -0.566 -0.311
vn -0.748 -0.594 -0.296
vn -0.717 -0.629 0.301
vn -0.689 -0.652 0.316
vn -0.400 -0.449 0.799
vn -0.366 -0.465 0.806
vn 0.067 -0.094 0.993
vn 0.100 -0.102 0.990
vn 0.506 0.302 0.808
vn 0.532 0.297 0.793
vn 0.748 0.586 0.313
vn 0.763 0.577 0.292
vn 0.567 0.773 -0.285
vn 0.577 0.750 -0.323
vn 0.256 0.574 -0.778
vn 0.258 0.536 -0.804
vn -0.159 0.162 -0.974
vn -0.156 0.114 -0.981
vn -0.521 -0.308 -0.796
vn -0.505 -0.359 -0.785
vn -0.689 -0.655 -0.311
vn -0.654 -0.699 -0.289
vn -0.599 -0.745 0.294
vn -0.546 -0.777 0.314
vn -0.285 -0.548 0.787
vn -0.224 -0.563 0.795
vn 0.132 -0.135 0.982
vn 0.189 -0.137 0.972
vn 0.493 0.336 0.802
vn 0.536 0.336 0.775
vn 0.658 0.683 0.317
vn 0.684 0.675 0.278
vn 0.411 0.870 -0.271
vn 0.426 0.844 -0.326
vn 0.109 0.644 -0.757
vn 0.118 0.595 -0.795
vn -0.244 0.178 -0.953
vn -0.229 0.113 -0.967
vn -0.514 -0.353 -0.782
vn -0.481 -0.418 -0.771
vn -0.596 -0.742 -0.307
vn -0.538 -0.794 -0.282
vn -0.457 -0.842 0.287
vn -0.379 -0.872 0.309
vn -0.152 -0.616 0.773
vn -0.068 -0.621 0.781
vn 0.203 -0.148 0.968
vn 0.277 -0.136 0.951
vn 0.471 0.383 0.794
vn 0.525 0.396 0.754
vn 0.550 0.772 0.320
vn 0.582 0.769 0.265
vn 0.238 0.936 -0.258
vn 0.258 0.909 -0.327
vn -0.047 0.675 -0.736
vn -0.029 0.617 -0.786
vn -0.326 0.161 -0.932
vn -0.295 0.085 -0.952
vn -0.493 -0.412 -0.766
vn -0.438 -0.485 -0.757
vn -0.482 -0.822 -0.302
vn -0.400 -0.874 -0.277
vn -0.297 -0.913 0.280
vn -0.197 -0.932 0.304
vn -0.009 -0.651 0.759
vn 0.091 -0.638 0.765
vn 0.272 -0.134 0.953
vn 0.355 -0.103 0.929
vn 0.436 0.439 0.785
vn 0.494 0.468 0.733
vn 0.422 0.847 0.322
vn 0.457 0.853 0.252
vn 0.054 0.968 -0.246
vn 0.079 0.942 -0.327
vn -0.202 0.667 -0.717
vn -0.172 0.606 -0.777
vn -0.395 0.114 -0.911
vn -0.346 0.035 -0.938
vn -0.452 -0.481 -0.751
vn -0.374 -0.553 -0.744
vn -0.349 -0.889 -0.297
vn -0.244 -0.931 -0.272
vn -0.123 -0.954 0.275
vn -0.008 -0.954 0.298
vn 0.137 -0.651 0.747
vn 0.244 -0.615 0.750
vn 0.331 -0.096 0.939
vn 0.414 -0.042 0.909
vn 0.384 0.500 0.776
vn 0.440 0.545 0.714
vn 0.277 0.905 0.323
vn 0.311 0.919 0.241
vn -0.133 0.963 -0.236
vn -0.104 0.939 -0.327
vn -0.348 0.623 -0.701
vn -0.305 0.562 -0.769
vn -0.445 0.045 -0.894
vn -0.377 -0.032 -0.926
vn -0.388 -0.552 -0.738
vn -0.289 -0.614 -0.734
vn -0.197 -0.936 -0.292
vn -0.075 -0.960 -0.268
vn 0.057 -0.961 0.270
vn 0.182 -0.939 0.293
vn 0.276 -0.618 0.736
vn 0.382 -0.557 0.737
vn 0.373 -0.038 0.927
vn 0.450 0.038 0.892
vn 0.313 0.558 0.769
vn 0.360 0.619 0.698
vn 0.119 0.939 0.324
vn 0.149 0.961 0.232
vn -0.315 0.921 -0.229
vn -0.283 0.902 -0.326
vn -0.476 0.547 -0.689
vn -0.421 0.491 -0.763
vn -0.471 -0.040 -0.881
vn -0.384 -0.107 -0.917
vn -0.301 -0.615 -0.728
vn -0.185 -0.662 -0.727
vn -0.031 -0.957 -0.289
vn 0.101 -0.959 -0.266
vn 0.238 -0.934 0.267
vn 0.363 -0.886 0.289
vn 0.402 -0.556 0.728
vn 0.499 -0.471 0.727
vn 0.396 0.033 0.918
vn 0.458 0.128 0.880
vn 0.222 0.607 0.763
vn 0.257 0.680 0.687
vn -0.050 0.945 0.325
vn -0.026 0.974 0.226
vn -0.485 0.845 -0.224
vn -0.451 0.831 -0.326
vn -0.580 0.446 -0.682
vn -0.514 0.399 -0.760
vn -0.469 -0.131 -0.873
vn -0.367 -0.182 -0.912
vn -0.193 -0.664 -0.722
vn -0.065 -0.688 -0.722
vn 0.143 -0.947 -0.287
vn 0.277 -0.924 -0.264
vn 0.411 -0.872 0.265
vn 0.527 -0.800 0.287
vn 0.508 -0.469 0.723
vn 0.588 -0.364 0.722
vn 0.394 0.110 0.912
vn 0.437 0.217 0.873
vn 0.115 0.640 0.759
vn 0.134 0.720 0.681
vn -0.221 0.920 0.325
vn -0.204 0.953 0.223
vn -0.636 0.739 -0.222
vn -0.600 0.731 -0.325
vn -0.656 0.328 -0.680
vn -0.582 0.294 -0.759
vn -0.440 -0.218 -0.871
vn -0.329 -0.250 -0.911
vn -0.068 -0.690 -0.721
vn 0.064 -0.689 -0.722
vn 0.317 -0.904 -0.286
vn 0.446 -0.855 -0.264
vn 0.568 -0.779 0.264
vn 0.669 -0.686 0.286
vn 0.589 -0.364 0.721
vn 0.648 -0.246 0.721
vn 0.370 0.183 0.911
vn 0.391 0.297 0.871
vn -0.005 0.652 0.759
vn -0.002 0.734 0.680
vn -0.388 0.862 0.326
vn -0.379 0.898 0.223
vn -0.762 0.607 -0.224
vn -0.725 0.608 -0.325
vn -0.703 0.202 -0.682
vn -0.623 0.184 -0.760
vn -0.386 -0.293 -0.875
vn -0.272 -0.302 -0.914
vn 0.067 -0.687 -0.723
vn 0.196 -0.661 -0.724
vn 0.483 -0.827 -0.287
vn 0.599 -0.755 -0.266
vn 0.704 -0.659 0.265
vn 0.784 -0.550 0.287
vn 0.644 -0.249 0.723
vn 0.679 -0.125 0.724
vn 0.324 0.246 0.913
vn 0.323 0.359 0.875
vn -0.131 0.636 0.760
vn -0.143 0.716 0.684
vn -0.545 0.773 0.326
vn -0.542 0.810 0.225
vn -0.859 0.458 -0.228
vn -0.823 0.467 -0.324
vn -0.719 0.076 -0.690
vn -0.640 0.076 -0.765
vn -0.313 -0.348 -0.884
vn -0.203 -0.334 -0.920
vn 0.204 -0.652 -0.730
vn 0.321 -0.603 -0.730
vn 0.634 -0.717 -0.290
vn 0.731 -0.628 -0.268
vn 0.813 -0.518 0.266
vn 0.869 -0.401 0.290
vn 0.672 -0.132 0.729
vn 0.682 -0.009 0.731
vn 0.263 0.292 0.920
vn 0.242 0.398 0.885
vn -0.255 0.591 0.765
vn -0.280 0.665 0.692
vn -0.683 0.654 0.327
vn -0.685 0.691 0.231
vn -0.925 0.298 -0.235
vn -0.892 0.315 -0.324
vn -0.710 -0.040 -0.703
vn -0.636 -0.024 -0.771
vn -0.229 -0.377 -0.897
vn -0.130 -0.342 -0.931
vn 0.333 -0.583 -0.741
vn 0.433 -0.516 -0.739
vn 0.761 -0.577 -0.295
vn 0.835 -0.478 -0.272
vn 0.893 -0.362 0.269
vn 0.924 -0.246 0.294
vn 0.675 -0.021 0.737
vn 0.664 0.093 0.742
vn 0.192 0.315 0.929
vn 0.155 0.409 0.900
vn -0.371 0.517 0.772
vn -0.405 0.581 0.706
vn -0.796 0.510 0.327
vn -0.803 0.545 0.239
vn -0.960 0.136 -0.245
vn -0.933 0.161 -0.323
vn -0.680 -0.139 -0.720
vn -0.617 -0.110 -0.779
vn -0.143 -0.376 -0.916
vn -0.060 -0.326 -0.943
vn 0.446 -0.482 -0.754
vn 0.523 -0.404 -0.751
vn 0.859 -0.414 -0.300
vn 0.908 -0.314 -0.276
vn 0.941 -0.199 0.273
vn 0.950 -0.092 0.299
vn 0.659 0.079 0.748
vn 0.630 0.176 0.756
vn 0.119 0.314 0.942
vn 0.072 0.390 0.918
vn -0.469 0.415 0.780
vn -0.508 0.468 0.723
vn -0.879 0.347 0.327
vn -0.891 0.380 0.250
vn -0.966 -0.021 -0.256
vn -0.947 0.008 -0.321
vn -0.637 -0.218 -0.740
vn -0.588 -0.179 -0.788
vn -0.064 -0.345 -0.937
vn -0.002 -0.287 -0.958
vn 0.533 -0.351 -0.770
vn 0.585 -0.272 -0.764
vn 0.923 -0.234 -0.306
vn 0.949 -0.141 -0.282
vn 0.960 -0.037 0.278
vn 0.951 0.054 0.304
vn 0.628 0.162 0.761
vn 0.590 0.239 0.771
vn 0.053 0.286 0.957
vn 0.003 0.344 0.939
vn -0.542 0.289 0.789
vn -0.582 0.330 0.743
vn -0.929 0.172 0.326
vn -0.944 0.202 0.262
vn -0.949 -0.166 -0.269
vn -0.938 -0.138 -0.319
vn -0.589 -0.272 -0.761
vn -0.557 -0.232 -0.797
vn -0.002 -0.285 -0.959
vn 0.037 -0.229 -0.973
vn 0.586 -0.198 -0.786
vn 0.616 -0.127 -0.778
vn 0.949 -0.044 -0.311
vn 0.957 0.033 -0.289
vn 0.951 0.119 0.284
vn 0.932 0.188 0.309
vn 0.590 0.226 0.775
vn 0.550 0.280 0.787
vn 0.002 0.236 0.972
vn -0.045 0.275 0.960
vn -0.584 0.146 0.798
vn -0.621 0.175 0.764
vn -0.946 -0.007 0.325
vn -0.961 0.018 0.276
vn -0.912 -0.296 -0.283
vn -0.909 -0.272 -0.316
vn -0.546 -0.304 -0.781
vn -0.529 -0.270 -0.805
vn 0.033 -0.202 -0.979
vn 0.053 -0.157 -0.986
vn 0.600 -0.031 -0.800
vn 0.611 0.023 -0.791
vn 0.938 0.147 -0.315
vn 0.934 0.201 -0.296
vn 0.920 0.263 0.291
vn 0.899 0.308 0.311
vn 0.551 0.271 0.789
vn 0.518 0.303 0.800
vn -0.027 0.167 0.986
vn -0.063 0.189 0.980
vn -0.592 -0.007 0.806
vn -0.621 0.010 0.784
vn -0.929 -0.183 0.322
vn -0.943 -0.165 0.290
vn -0.864 -0.407 -0.296
vn -0.865 -0.393 -0.311
vn -0.514 -0.314 -0.798
vn -0.510 -0.294 -0.809
vn 0.035 -0.104 -0.994
vn 0.041 -0.078 -0.996
vn 0.571 0.142 -0.809
vn 0.572 0.170 -0.802
vn 0.889 0.331 -0.316
vn 0.883 0.357 -0.304
vn 0.871 0.391 0.298
vn 0.857 0.411 0.311
vn 0.520 0.297 0.801
vn 0.501 0.310 0.808
vn -0.029 0.086 0.996
vn -0.049 0.094 0.994
vn -0.564 -0.161 0.810
vn -0.580 -0.154 0.800
vn -0.882 -0.349 0.318
vn -0.891 -0.339 0.303
vn -0.811 -0.499 -0.305
vn -0.811 -0.500 -0.305
vn -0.502 -0.309 -0.808
vn -0.502 -0.309 -0.808
vn 0.000 -0.000 -1.000
vn 0.000 -0.000 -1.000
vn 0.500 0.308 -0.809
vn 0.500 0.308 -0.809
vn 0.809 0.499 -0.312
vn 0.809 0.498 -0.312
vn 0.811 0.500 0.305
vn 0.811 0.500 0.305
vn 0.502 0.309 0.808
vn 0.502 0.309 0.808
vn 0.000 -0.000 1.000
vn 0.000 -0.000 1.000
vn -0.500 -0.308 0.809
vn -0.500 -0.308 0.809
vn -0.809 -0.498 0.312
vn -0.809 -0.499 0.312
vn -0.758 -0.574 -0.310
vn -0.750 -0.590 -0.298
vn -0.511 -0.297 -0.807
vn -0.507 -0.319 -0.800
vn -0.071 0.098 -0.993
vn -0.067 0.070 -0.995
vn 0.392 0.456 -0.799
vn 0.400 0.428 -0.810
vn 0.704 0.643 -0.302
vn 0.716 0.621 -0.319
vn 0.746 0.589 0.311
vn 0.763 0.575 0.295
vn 0.500 0.312 0.808
vn 0.520 0.306 0.797
vn 0.059 -0.082 0.995
vn 0.080 -0.084 0.993
vn -0.405 -0.440 0.801
vn -0.387 -0.444 0.808
vn -0.717 -0.628 0.304
vn -0.703 -0.637 0.316
vn -0.709 -0.634 -0.308
vn -0.689 -0.664 -0.290
vn -0.540 -0.284 -0.792
vn -0.526 -0.327 -0.785
vn -0.170 0.179 -0.969
vn -0.156 0.128 -0.979
vn 0.258 0.577 -0.775
vn 0.278 0.528 -0.802
vn 0.584 0.759 -0.287
vn 0.610 0.723 -0.323
vn 0.684 0.658 0.314
vn 0.715 0.640 0.279
vn 0.516 0.310 0.798
vn 0.553 0.306 0.775
vn 0.145 -0.152 0.978
vn 0.183 -0.151 0.971
vn -0.286 -0.550 0.784
vn -0.250 -0.554 0.794
vn -0.612 -0.734 0.294
vn -0.583 -0.750 0.313
vn -0.668 -0.682 -0.298
vn -0.633 -0.721 -0.280
vn -0.585 -0.278 -0.762
vn -0.557 -0.335 -0.760
vn -0.287 0.237 -0.928
vn -0.260 0.172 -0.950
vn 0.112 0.665 -0.739
vn 0.143 0.606 -0.783
vn 0.463 0.845 -0.268
vn 0.497 0.806 -0.322
vn 0.632 0.710 0.311
vn 0.670 0.695 0.261
vn 0.550 0.308 0.776
vn 0.594 0.312 0.741
vn 0.249 -0.206 0.946
vn 0.299 -0.198 0.934
vn -0.152 -0.635 0.758
vn -0.103 -0.635 0.765
vn -0.502 -0.817 0.283
vn -0.459 -0.835 0.302
vn -0.634 -0.721 -0.280
vn -0.589 -0.762 -0.270
vn -0.637 -0.282 -0.718
vn -0.599 -0.341 -0.725
vn -0.405 0.268 -0.874
vn -0.371 0.203 -0.906
vn -0.028 0.719 -0.694
vn 0.005 0.663 -0.748
vn 0.354 0.902 -0.248
vn 0.386 0.869 -0.311
vn 0.594 0.747 0.300
vn 0.628 0.739 0.243
vn 0.597 0.310 0.740
vn 0.639 0.320 0.699
vn 0.363 -0.240 0.900
vn 0.413 -0.226 0.882
vn -0.016 -0.693 0.721
vn 0.038 -0.690 0.723
vn -0.397 -0.877 0.270
vn -0.345 -0.895 0.284
vn -0.607 -0.752 -0.258
vn -0.564 -0.785 -0.257
vn -0.686 -0.293 -0.666
vn -0.649 -0.341 -0.680
vn -0.510 0.279 -0.814
vn -0.479 0.228 -0.848
vn -0.146 0.747 -0.648
vn -0.121 0.706 -0.698
vn 0.268 0.935 -0.232
vn 0.289 0.913 -0.287
vn 0.573 0.770 0.280
vn 0.596 0.769 0.230
vn 0.652 0.313 0.691
vn 0.683 0.326 0.654
vn 0.474 -0.260 0.841
vn 0.515 -0.245 0.822
vn 0.110 -0.729 0.675
vn 0.156 -0.725 0.671
vn -0.303 -0.918 0.255
vn -0.256 -0.931 0.260
vn -0.589 -0.773 -0.236
vn -0.566 -0.788 -0.240
vn -0.726 -0.305 -0.616
vn -0.708 -0.327 -0.627
vn -0.590 0.281 -0.757
vn -0.576 0.257 -0.776
vn -0.232 0.760 -0.608
vn -0.222 0.742 -0.633
vn 0.213 0.951 -0.224
vn 0.220 0.943 -0.251
vn 0.573 0.781 0.250
vn 0.581 0.782 0.225
vn 0.710 0.313 0.631
vn 0.724 0.320 0.612
vn 0.573 -0.272 0.773
vn 0.592 -0.265 0.761
vn 0.214 -0.752 0.623
vn 0.237 -0.749 0.618
vn -0.229 -0.944 0.237
vn -0.205 -0.950 0.236
vn -0.583 -0.781 -0.223
vn -0.599 -0.771 -0.218
vn -0.757 -0.305 -0.577
vn -0.769 -0.291 -0.569
vn -0.640 0.286 -0.713
vn -0.648 0.300 -0.700
vn -0.277 0.767 -0.579
vn -0.281 0.778 -0.562
vn 0.195 0.955 -0.225
vn 0.192 0.959 -0.207
vn 0.594 0.776 0.212
vn 0.589 0.775 0.229
vn 0.767 0.300 0.567
vn 0.759 0.295 0.580
vn 0.650 -0.290 0.703
vn 0.638 -0.295 0.712
vn 0.286 -0.771 0.568
vn 0.271 -0.773 0.574
vn -0.185 -0.959 0.215
vn -0.202 -0.955 0.219
vn -0.598 -0.771 -0.219
vn -0.654 -0.731 -0.193
vn -0.782 -0.285 -0.554
vn -0.823 -0.233 -0.518
vn -0.661 0.306 -0.685
vn -0.684 0.357 -0.636
vn -0.280 0.778 -0.563
vn -0.290 0.814 -0.503
vn 0.214 0.948 -0.234
vn 0.208 0.963 -0.170
vn 0.633 0.754 0.176
vn 0.620 0.748 0.237
vn 0.817 0.268 0.510
vn 0.788 0.251 0.562
vn 0.696 -0.322 0.642
vn 0.649 -0.339 0.681
vn 0.316 -0.794 0.520
vn 0.256 -0.796 0.548
vn -0.178 -0.965 0.191
vn -0.242 -0.946 0.214
vn -0.635 -0.741 -0.218
vn -0.710 -0.681 -0.178
vn -0.804 -0.243 -0.543
vn -0.853 -0.169 -0.493
vn -0.656 0.343 -0.672
vn -0.679 0.412 -0.608
vn -0.249 0.792 -0.557
vn -0.254 0.841 -0.478
vn 0.262 0.934 -0.241
vn 0.258 0.954 -0.153
vn 0.682 0.715 0.155
vn 0.663 0.708 0.242
vn 0.850 0.218 0.479
vn 0.807 0.197 0.557
vn 0.703 -0.367 0.609
vn 0.634 -0.384 0.671
vn 0.297 -0.817 0.494
vn 0.209 -0.814 0.541
vn -0.215 -0.960 0.178
vn -0.304 -0.928 0.217
vn -0.684 -0.697 -0.214
vn -0.743 -0.643 -0.185
vn -0.817 -0.191 -0.544
vn -0.852 -0.128 -0.508
vn -0.630 0.382 -0.675
vn -0.643 0.441 -0.627
vn -0.196 0.806 -0.559
vn -0.196 0.846 -0.496
vn 0.320 0.917 -0.240
vn 0.318 0.933 -0.166
vn 0.722 0.673 0.161
vn 0.704 0.670 0.237
vn 0.855 0.168 0.490
vn 0.814 0.154 0.560
vn 0.670 -0.406 0.622
vn 0.606 -0.415 0.679
vn 0.235 -0.830 0.505
vn 0.158 -0.821 0.549
vn -0.282 -0.941 0.186
vn -0.357 -0.908 0.219
vn -0.720 -0.659 -0.216
vn -0.744 -0.635 -0.207
vn -0.812 -0.156 -0.563
vn -0.825 -0.128 -0.551
vn -0.590 0.404 -0.699
vn -0.594 0.430 -0.680
vn -0.140 0.808 -0.572
vn -0.140 0.826 -0.546
vn 0.366 0.901 -0.232
vn 0.365 0.909 -0.199
vn 0.737 0.648 0.193
vn 0.727 0.648 0.228
vn 0.829 0.144 0.540
vn 0.808 0.141 0.572
vn 0.608 -0.417 0.676
vn 0.577 -0.418 0.702
vn 0.157 -0.820 0.550
vn 0.122 -0.814 0.568
vn -0.350 -0.913 0.210
vn -0.383 -0.897 0.221
vn -0.726 -0.648 -0.229
vn -0.717 -0.658 -0.230
vn -0.783 -0.159 -0.602
vn -0.778 -0.169 -0.605
vn -0.542 0.392 -0.743
vn -0.541 0.382 -0.749
vn -0.096 0.795 -0.599
vn -0.096 0.787 -0.609
vn 0.386 0.894 -0.225
vn 0.388 0.891 -0.238
vn 0.720 0.653 0.236
vn 0.725 0.652 0.223
vn 0.776 0.163 0.609
vn 0.786 0.164 0.597
vn 0.535 -0.387 0.751
vn 0.549 -0.388 0.741
vn 0.089 -0.789 0.607
vn 0.103 -0.792 0.602
vn -0.393 -0.889 0.233
vn -0.380 -0.896 0.231
vn -0.696 -0.672 -0.251
vn -0.666 -0.703 -0.250
vn -0.729 -0.204 -0.653
vn -0.713 -0.241 -0.658
vn -0.489 0.345 -0.801
vn -0.483 0.309 -0.819
vn -0.066 0.766 -0.639
vn -0.064 0.738 -0.672
vn 0.377 0.898 -0.227
vn 0.386 0.882 -0.271
vn 0.670 0.689 0.276
vn 0.693 0.684 0.228
vn 0.701 0.222 0.677
vn 0.741 0.221 0.634
vn 0.462 -0.326 0.825
vn 0.512 -0.327 0.794
vn 0.041 -0.748 0.663
vn 0.093 -0.755 0.649
vn -0.402 -0.880 0.252
vn -0.358 -0.900 0.250
vn -0.631 -0.725 -0.276
vn -0.591 -0.761 -0.266
vn -0.649 -0.282 -0.706
vn -0.626 -0.330 -0.706
vn -0.427 0.273 -0.862
vn -0.415 0.223 -0.882
vn -0.047 0.728 -0.684
vn -0.038 0.688 -0.725
vn 0.342 0.909 -0.238
vn 0.362 0.884 -0.295
vn 0.591 0.747 0.304
vn 0.632 0.737 0.242
vn 0.607 0.306 0.733
vn 0.668 0.304 0.679
vn 0.387 -0.247 0.888
vn 0.458 -0.246 0.854
vn 0.011 -0.703 0.711
vn 0.080 -0.709 0.701
vn -0.379 -0.886 0.266
vn -0.322 -0.907 0.273
vn -0.534 -0.792 -0.297
vn -0.494 -0.824 -0.279
vn -0.541 -0.375 -0.753
vn -0.515 -0.421 -0.746
vn -0.350 0.188 -0.918
vn -0.333 0.139 -0.933
vn -0.032 0.685 -0.728
vn -0.015 0.643 -0.766
vn 0.288 0.923 -0.254
vn 0.318 0.896 -0.309
vn 0.488 0.812 0.319
vn 0.538 0.801 0.261
vn 0.494 0.397 0.773
vn 0.562 0.398 0.725
vn 0.307 -0.165 0.937
vn 0.380 -0.158 0.911
vn -0.007 -0.663 0.749
vn 0.060 -0.661 0.748
vn -0.329 -0.903 0.277
vn -0.275 -0.916 0.293
vn -0.406 -0.859 -0.311
vn -0.374 -0.881 -0.291
vn -0.405 -0.466 -0.786
vn -0.382 -0.501 -0.777
vn -0.257 0.107 -0.961
vn -0.238 0.068 -0.969
vn -0.017 0.644 -0.765
vn 0.005 0.610 -0.792
vn 0.222 0.936 -0.273
vn 0.254 0.915 -0.314
vn 0.366 0.873 0.324
vn 0.414 0.866 0.281
vn 0.365 0.481 0.797
vn 0.424 0.486 0.764
vn 0.220 -0.092 0.971
vn 0.279 -0.080 0.957
vn -0.018 -0.629 0.777
vn 0.033 -0.620 0.784
vn -0.258 -0.923 0.287
vn -0.216 -0.927 0.306
vn -0.255 -0.914 -0.316
vn -0.235 -0.924 -0.301
vn -0.247 -0.539 -0.805
vn -0.232 -0.558 -0.797
vn -0.150 0.043 -0.988
vn -0.135 0.020 -0.991
vn 0.000 0.611 -0.791
vn 0.018 0.592 -0.806
vn 0.145 0.946 -0.290
vn 0.169 0.935 -0.312
vn 0.228 0.919 0.321
vn 0.261 0.918 0.298
vn 0.221 0.545 0.809
vn 0.258 0.553 0.792
vn 0.126 -0.036 0.991
vn 0.161 -0.024 0.987
vn -0.023 -0.605 0.796
vn 0.006 -0.595 0.804
vn -0.169 -0.940 0.296
vn -0.145 -0.939 0.311
vn -0.086 -0.946 -0.314
vn -0.081 -0.947 -0.309
vn -0.076 -0.581 -0.810
vn -0.071 -0.585 -0.808
vn -0.038 0.006 -0.999
vn -0.033 0.000 -0.999
vn 0.014 0.592 -0.806
vn 0.020 0.588 -0.809
vn 0.058 0.951 -0.302
vn 0.066 0.949 -0.308
vn 0.079 0.946 0.315
vn 0.088 0.947 0.309
vn 0.068 0.582 0.811
vn 0.078 0.585 0.807
vn 0.031 -0.005 1.000
vn 0.039 -0.000 0.999
vn -0.020 -0.591 0.806
vn -0.013 -0.588 0.809
vn -0.065 -0.951 0.303
vn -0.059 -0.950 0.308
vn 0.092 -0.948 -0.306
vn 0.083 -0.945 -0.316
vn 0.099 -0.586 -0.804
vn 0.090 -0.579 -0.811
vn 0.072 -0.000 -0.997
vn 0.061 0.009 -0.998
vn 0.019 0.588 -0.809
vn 0.006 0.595 -0.804
vn -0.038 0.950 -0.309
vn -0.054 0.952 -0.301
vn -0.079 0.949 0.307
vn -0.096 0.944 0.315
vn -0.087 0.587 0.805
vn -0.104 0.577 0.810
vn -0.060 0.000 0.998
vn -0.074 -0.011 0.997
vn -0.007 -0.588 0.809
vn -0.018 -0.597 0.802
vn 0.051 -0.950 0.309
vn 0.042 -0.953 0.299
vn 0.270 -0.917 -0.294
vn 0.251 -0.913 -0.321
vn 0.267 -0.552 -0.790
vn 0.243 -0.537 -0.808
vn 0.168 0.025 -0.986
vn 0.138 0.044 -0.990
vn 0.010 0.596 -0.803
vn -0.026 0.608 -0.793
vn -0.145 0.939 -0.311
vn -0.186 0.938 -0.294
vn -0.240 0.924 0.299
vn -0.281 0.906 0.316
vn -0.238 0.558 0.795
vn -0.274 0.529 0.803
vn -0.139 -0.021 0.990
vn -0.167 -0.053 0.985
vn 0.019 -0.591 0.806
vn -0.001 -0.617 0.787
vn 0.176 -0.933 0.314
vn 0.158 -0.945 0.287
vn 0.442 -0.852 -0.281
vn 0.414 -0.850 -0.324
vn 0.417 -0.482 -0.771
vn 0.379 -0.464 -0.801
vn 0.242 0.077 -0.967
vn 0.191 0.098 -0.977
vn -0.018 0.611 -0.792
vn -0.078 0.621 -0.780
vn -0.262 0.914 -0.310
vn -0.325 0.901 -0.287
vn -0.399 0.870 0.291
vn -0.457 0.833 0.313
vn -0.376 0.497 0.782
vn -0.422 0.444 0.791
vn -0.201 -0.064 0.977
vn -0.231 -0.119 0.966
vn 0.060 -0.597 0.800
vn 0.040 -0.640 0.768
vn 0.306 -0.897 0.318
vn 0.286 -0.918 0.274
vn 0.599 -0.755 -0.267
vn 0.567 -0.757 -0.326
vn 0.542 -0.379 -0.750
vn 0.490 -0.363 -0.792
vn 0.288 0.148 -0.946
vn 0.219 0.165 -0.962
vn -0.067 0.626 -0.777
vn -0.147 0.626 -0.766
vn -0.386 0.870 -0.306
vn -0.466 0.839 -0.280
vn -0.549 0.786 0.284
vn -0.616 0.725 0.308
vn -0.494 0.406 0.768
vn -0.539 0.329 0.775
vn -0.240 -0.123 0.963
vn -0.263 -0.199 0.944
vn 0.117 -0.600 0.791
vn 0.104 -0.657 0.747
vn 0.437 -0.840 0.321
vn 0.420 -0.869 0.261
vn 0.735 -0.629 -0.254
vn 0.701 -0.634 -0.327
vn 0.636 -0.253 -0.729
vn 0.573 -0.242 -0.783
vn 0.304 0.230 -0.925
vn 0.218 0.237 -0.947
vn -0.136 0.634 -0.761
vn -0.231 0.617 -0.752
vn -0.513 0.804 -0.301
vn -0.601 0.751 -0.275
vn -0.685 0.673 0.278
vn -0.750 0.588 0.302
vn -0.587 0.293 0.755
vn -0.621 0.193 0.759
vn -0.254 -0.192 0.948
vn -0.262 -0.284 0.922
vn 0.187 -0.594 0.782
vn 0.188 -0.661 0.726
vn 0.565 -0.760 0.322
vn 0.554 -0.794 0.248
vn 0.844 -0.478 -0.242
vn 0.809 -0.488 -0.327
vn 0.694 -0.110 -0.711
vn 0.624 -0.108 -0.774
vn 0.288 0.312 -0.905
vn 0.191 0.304 -0.933
vn -0.221 0.628 -0.747
vn -0.324 0.589 -0.741
vn -0.636 0.713 -0.295
vn -0.723 0.636 -0.270
vn -0.799 0.535 0.273
vn -0.854 0.428 0.296
vn -0.650 0.162 0.743
vn -0.665 0.047 0.745
vn -0.241 -0.261 0.935
vn -0.229 -0.363 0.903
vn 0.269 -0.574 0.774
vn 0.286 -0.645 0.708
vn 0.683 -0.655 0.323
vn 0.681 -0.692 0.238
vn 0.922 -0.308 -0.233
vn 0.888 -0.322 -0.327
vn 0.717 0.040 -0.696
vn 0.641 0.029 -0.767
vn 0.244 0.387 -0.889
vn 0.142 0.359 -0.922
vn -0.316 0.600 -0.735
vn -0.419 0.538 -0.731
vn -0.748 0.597 -0.291
vn -0.826 0.497 -0.267
vn -0.887 0.376 0.269
vn -0.923 0.252 0.292
vn -0.680 0.024 0.733
vn -0.672 -0.101 0.733
vn -0.205 -0.324 0.924
vn -0.169 -0.428 0.888
vn 0.356 -0.534 0.767
vn 0.391 -0.604 0.694
vn 0.786 -0.527 0.324
vn 0.793 -0.564 0.230
vn 0.966 -0.126 -0.227
vn 0.934 -0.146 -0.326
vn 0.703 0.187 -0.686
vn 0.627 0.163 -0.762
vn 0.176 0.445 -0.878
vn 0.076 0.396 -0.915
vn -0.415 0.548 -0.726
vn -0.510 0.463 -0.725
vn -0.842 0.456 -0.288
vn -0.904 0.337 -0.265
vn -0.943 0.202 0.266
vn -0.955 0.067 0.288
vn -0.678 -0.116 0.726
vn -0.645 -0.242 0.725
vn -0.148 -0.374 0.916
vn -0.090 -0.472 0.877
vn 0.443 -0.473 0.762
vn 0.494 -0.536 0.685
vn 0.867 -0.378 0.325
vn 0.883 -0.412 0.225
vn 0.973 0.060 -0.223
vn 0.945 0.035 -0.326
vn 0.658 0.323 -0.680
vn 0.586 0.285 -0.759
vn 0.092 0.481 -0.872
vn 0.000 0.412 -0.911
vn -0.508 0.470 -0.721
vn -0.588 0.366 -0.722
vn -0.912 0.294 -0.286
vn -0.951 0.162 -0.264
vn -0.964 0.020 0.265
vn -0.951 -0.118 0.286
vn -0.646 -0.248 0.722
vn -0.588 -0.367 0.721
vn -0.077 -0.404 0.911
vn -0.000 -0.490 0.872
vn 0.522 -0.389 0.759
vn 0.585 -0.442 0.680
vn 0.922 -0.212 0.325
vn 0.945 -0.241 0.222
f 1//1 2//1 12//1
f 1//2 12//2 11//2
f 2//3 3//3 13//3
f 2//4 13//4 12//4
f 3//5 4//5 14//5
f 3//6 14//6 13//6
f 4//7 5//7 15//7
f 4//8 15//8 14//8
f 5//9 6//9 16//9
f 5//10 16//10 15//10
f 6//11 7//11 17//11
f 6//12 17//12 16//12
f 7//13 8//13 18//13
f 7//14 18//14 17//14
f 8//15 9//15 19//15
f 8//16 19//16 18//16
f 9//17 10//17 20//17
f 9//18 20//18 19//18
f 10//19 1//19 11//19
f 10//20 11//20 20//20
f 11//21 12//21 22//21
f 11//22 22//22 21//22
f 12//23 13//23 23//23
f 12//24 23//24 22//24
f 13//25 14//25 24//25
f 13//26 24//26 23//26
f 14//27 15//27 25//27
f 14//28 25//28 24//28
f 15//29 16//29 26//29
f 15//30 26//30 25//30
f 16//31 17//31 27//31
f 16//32 27//32 26//32
f 17//33 18//33 28//33
f 17//34 28//34 27//34
f 18//35 19//35 29//35
f 18//36 29//36 28//36
f 19//37 20//37 30//37
f 19//38 30//38 29//38
f 20//39 11//39 21//39
f 20//40 21//40 30//40
f 21//41 22//41 32//41
f 21//42 32//42 31//42
f 22//43 23//43 33//43
f 22//44 33//44 32//44
f 23//45 24//45 34//45
f 23//46 34//46 33//46
f 24//47 25//47 35//47
f 24//48 35//48 34//48
f 25//49 26//49 36//49
f 25//50 36//50 35//50
f 26//51 27//51 37//51
f 26//52 37//52 36//52
f 27//53 28//53 38//53
f 27//54 38//54 37//54
f 28//55 29//55 39//55
f 28//56 39//56 38//56
f 29//57 30//57 40//57
f 29//58 40//58 39//58
f 30//59 21//59 31//59
f 30//60 31//60 40//60
f 31//61 32//61 42//61
f 31//62 42//62 41//62
f 32//63 33//63 43//63
f 32//64 43//64 42//64
f 33//65 34//65 44//65
f 33//66 44//66 43//66
f 34//67 35//67 45//67
f 34//68 45//68 44//68
f 35//69 36//69 46//69
f 35//70 46//70 45//70
f 36//71 37//71 47//71
f 36//72 47//72 46//72
f 37//73 38//73 48//73
f 37//74 48//74 47//74
f 38//75 39//75 49//75
f 38//76 49//76 48//76
f 39//77 40//77 50//77
f 39//78 50//78 49//78
f 40//79 31//79 41//79
f 40//80 41//80 50//80
f 41//81 42//81 52//81
f 41//82 52//82 51//82
f 42//83 43//83 53//83
f 42//84 53//84 52//84
f 43//85 44//85 54//85
f 43//86 54//86 53//86
f 44//87 45//87 55//87
f 44//88 55//88 54//88
f 45//89 46//89 56//89
f 45//90 56//90 55//90
f 46//91 47//91 57//91
f 46//92 57//92 56//92
f 47//93 48//93 58//93
f 47//94 58//94 57//94
f 48//95 49//95 59//95
f 48//96 59//96 58//96
f 49//97 50//97 60//97
f 49//98 60//98 59//98
f 50//99 41//99 51//99
f 50//100 51//100 60//100
f 51//101 52//101 62//101
f 51//102 62//102 61//102
f 52//103 53//103 63//103
f 52//104 63//104 62//104
f 53//105 54//105 64//105
f 53//106 64//106 63//106
f 54//107 55//107 65//107
f 54//108 65//108 64//108
f 55//109 56//109 66//109
f 55//110 66//110 65//110
f 56//111 57//111 67//111
f 56//112 67//112 66//112
f 57//113 58//113 68//113
f 57//114 68//114 67//114
f 58//115 59//115 69//115
f 58//116 69//116 68//116
f 59//117 60//117 70//117
f 59//118 70//118 69//118
f 60//119 51//119 61//119
f 60//120 61//120 70//120
f 61//121 62//121 72//121
f 61//122 72//122 71//122
f 62//123 63//123 73//123
f 62//124 73//124 72//124
f 63//125 64//125 74//125
f 63//126 74//126 73//126
f 64//127 65//127 75//127
f 64//128 75//128 74//128
f 65//129 66//129 76//129
f 65//130 76//130 75//130
f 66//131 67//131 77//131
f 66//132 77//132 76//132
f 67//133 68//133 78//133
f 67//134 78//134 77//134
f 68//135 69//135 79//135
f 68//136 79//136 78//136
f 69//137 70//137 80//137
f 69//138 80//138 79//138
f 70//139 61//139 71//139
f 70//140 71//140 80//140
f 71//141 72//141 82//141
f 71//142 82//142 81//142
f 72//143 73//143 83//143
f 72//144 83//144 82//144
f 73//145 74//145 84//145
f 73//146 84//146 83//146
f 74//147 75//147 85//147
f 74//148 85//148 84//148
f 75//149 76//149 86//149
f 75//150 86//150 85//150
f 76//151 77//151 87//151
f 76//152 87//152 86//152
f 77//153 78//153 88//153
f 77//154 88//154 87//154
f 78//155 79//155 89//155
f 78//156 89//156 88//156
f 79//157 80//157 90//157
f 79//158 90//158 89//158
f 80//159 71//159 81//159
f 80//160 81//160 90//160
f 81//161 82//161 92//161
f 81//162 92//162 91//162
f 82//163 83//163 93//163
f 82//164 93//164 92//164
f 83//165 84//165 94//165
f 83//166 94//166 93//166
f 84//167 85//167 95//167
f 84//168 95//168 94//168
f 85//169 86//169 96//169
f 85//170 96//170 95//170
f 86//171 87//171 97//171
f 86//172 97//172 96//172
f 87//173 88//173 98//173
f 87//174 98//174 97//174
f 88//175 89//175 99//175
f 88//176 99//176 98//176
f 89//177 90//177 100//177
f 89//178 100//178 99//178
f 90//179 81//179 91//179
f 90//180 91//180 100//180
f 91//181 92//181 102//181
f 91//182 102//182 101//182
f 92//183 93//183 103//183
f 92//184 103//184 102//184
f 93//185 94//185 104//185
f 93//186 104//186 103//186
f 94//187 95//187 105//187
f 94//188 105//188 104//188
f 95//189 96//189 106//189
f 95//190 106//190 105//190
f 96//191 97//191 107//191
f 96//192 107//192 106//192
f 97//193 98//193 108//193
f 97//194 108//194 107//194
f 98//195 99//195 109//195
f 98//196 109//196 108//196
f 99//197 100//197 110//197
f 99//198 110//198 109//198
f 100//199 91//199 101//199
f 100//200 101//200 110//200
f 101//201 102//201 112//201
f 101//202 112//202 111//202
f 102//203 103//203 113//203
f 102//204 113//204 112//204
f 103//205 104//205 114//205
f 103//206 114//206 113//206
f 104//207 105//207 115//207
f 104//208 115//208 114//208
f 105//209 106//209 116//209
f 105//210 116//210 115//210
f 106//211 107//211 117//211
f 106//212 117//212 116//212
f 107//213 108//213 118//213
f 107//214 118//214 117//214
f 108//215 109//215 119//215
f 108//216 119//216 118//216
f 109//217 110//217 120//217
f 109//218 120//218 119//218
f 110//219 101//219 111//219
f 110//220 111//220 120//220
f 111//221 112//221 122//221
f 111//222 122//222 121//222
f 112//223 113//223 123//223
f 112//224 123//224 122//224
f 113//225 114//225 124//225
f 113//226 124//226 123//226
f 114//227 115//227 125//227
f 114//228 125//228 124//228
f 115//229 116//229 126//229
f 115//230 126//230 125//230
f 116//231 117//231 127//231
f 116//232 127//232 126//232
f 117//233 118//233 128//233
f 117//234 128//234 127//234
f 118//235 119//235 129//235
f 118//236 129//236 128//236
f 119//237 120//237 130//237
f 119//238 130//238 129//238
f 120//239 111//239 121//239
f 120//240 121//240 130//240
f 121//241 122//241 132//241
f 121//242 132//242 131//242
f 122//243 123//243 133//243
f 122//244 133//244 132//244
f 123//245 124//245 134//245
f 123//246 134//246 133//246
f 124//247 125//247 135//247
f 124//248 135//248 134//248
f 125//249 126//249 136//249
f 125//250 136//250 135//250
f 126//251 127//251 137//251
f 126//252 137//252 136//252
f 127//253 128//253 138//253
f 127//254 138//254 137//254
f 128//255 129//255 139//255
f 128//256 139//256 138//256
f 129//257 130//257 140//257
f 129//258 140//258 139//258
f 130//259 121//259 131//259
f 130//260 131//260 140//260
f 131//261 132//261 142//261
f 131//262 142//262 141//262
f 132//263 133//263 143//263
f 132//264 143//264 142//264
f 133//265 134//265 144//265
f 133//266 144//266 143//266
f 134//267 135//267 145//267
f 134//268 145//268 144//268
f 135//269 136//269 146//269
f 135//270 146//270 145//270
f 136//271 137//271 147//271
f 136//272 147//272 146//272
f 137//273 138//273 148//273
f 137//274 148//274 147//274
f 138//275 139//275 149//275
f 138//276 149//276 148//276
f 139//277 140//277 150//277
f 139//278 150//278 149//278
f 140//279 131//279 141//279
f 140//280 141//280 150//280
f 141//281 142//281 152//281
f 141//282 152//282 151//282
f 142//283 143//283 153//283
f 142//284 153//284 152//284
f 143//285 144//285 154//285
f 143//286 154//286 153//286
f 144//287 145//287 155//287
f 144//288 155//288 154//288
f 145//289 146//289 156//289
f 145//290 156//290 155//290
f 146//291 147//291 157//291
f 146//292 157//292 156//292
f 147//293 148//293 158//293
f 147//294 158//294 157//294
f 148//295 149//295 159//295
f 148//296 159//296 158//296
f 149//297 150//297 160//297
f 149//298 160//298 159//298
f 150//299 141//299 151//299
f 150//300 151//300 160//300
f 151//301 152//301 162//301
f 151//302 162//302 161//302
f 152//303 153//303 163//303
f 152//304 163//304 162//304
f 153//305 154//305 164//305
f 153//306 164//306 163//306
f 154//307 155//307 165//307
f 154//308 165//308 164//308
f 155//309 156//309 166//309
f 155//310 166//310 165//310
f 156//311 157//311 167//311
f 156//312 167//312 166//312
f 157//313 158//313 168//313
f 157//314 168//314 167//314
f 158//315 159//315 169//315
f 158//316 169//316 168//316
f 159//317 160//317 170//317
f 159//318 170//318 169//318
f 160//319 151//319 161//319
f 160//320 161//320 170//320
f 161//321 162//321 172//321
f 161//322 172//322 171//322
f 162//323 163//323 173//323
f 162//324 173//324 172//324
f 163//325 164//325 174//325
f 163//326 174//326 173//326
f 164//327 165//327 175//327
f 164//328 175//328 174//328
f 165//329 166//329 176//329
f 165//330 176//330 175//330
f 166//331 167//331 177//331
f 166//332 177//332 176//332
f 167//333 168//333 178//333
f 167//334 178//334 177//334
f 168//335 169//335 179//335
f 168//336 179//336 178//336
f 169//337 170//337 180//337
f 169//338 180//338 179//338
f 170//339 161//339 171//339
f 170//340 171//340 180//340
f 171//341 172//341 182//341
f 171//342 182//342 181//342
f 172//343 173//343 183//343
f 172//344 183//344 182//344
f 173//345 174//345 184//345
f 173//346 184//346 183//346
f 174//347 175//347 185//347
f 174//348 185//348 184//348
f 175//349 176//349 186//349
f 175//350 186//350 185//350
f 176//351 177//351 187//351
f 176//352 187//352 186//352
f 177//353 178//353 188//353
f 177//354 188//354 187//354
f 178//355 179//355 189//355
f 178//356 189//356 188//356
f 179//357 180//357 190//357
f 179//358 190//358 189//358
f 180//359 171//359 181//359
f 180//360 181//360 190//360
f 181//361 182//361 192//361
f 181//362 192//362 191//362
f 182//363 183//363 193//363
f 182//364 193//364 192//364
f 183//365 184//365 194//365
f 183//366 194//366 193//366
f 184//367 185//367 195//367
f 184//368 195//368 194//368
f 185//369 186//369 196//369
f 185//370 196//370 195//370
f 186//371 187//371 197//371
f 186//372 197//372 196//372
f 187//373 188//373 198//373
f 187//374 198//374 197//374
f 188//375 189//375 199//375
f 188//376 199//376 198//376
f 189//377 190//377 200//377
f 189//378 200//378 199//378
f 190//379 181//379 191//379
f 190//380 191//380 200//380
f 191//381 192//381 202//381
f 191//382 202//382 201//382
f 192//383 193//383 203//383
f 192//384 203//384 202//384
f 193//385 194//385 204//385
f 193//386 204//386 203//386
f 194//387 195//387 205//387
f 194//388 205//388 204//388
f 195//389 196//389 206//389
f 195//390 206//390 205//390
f 196//391 197//391 207//391
f 196//392 207//392 206//392
f 197//393 198//393 208//393
f 197//394 208//394 207//394
f 198//395 199//395 209//395
f 198//396 209//396 208//396
f 199//397 200//397 210//397
f 199//398 210//398 209//398
f 200//399 191//399 201//399
f 200//400 201//400 210//400
f 201//401 202//401 212//401
f 201//402 212//402 211//402
f 202//403 203//403 213//403
f 202//404 213//404 212//404
f 203//405 204//405 214//405
f 203//406 214//406 213//406
f 204//407 205//407 215//407
f 204//408 215//408 214//408
f 205//409 206//409 216//409
f 205//410 216//410 215//410
f 206//411 207//411 217//411
f 206//412 217//412 216//412
f 207//413 208//413 218//413
f 207//414 218//414 217//414
f 208//415 209//415 219//415
f 208//416 219//416 218//416
f 209//417 210//417 220//417
f 209//418 220//418 219//418
f 210//419 201//419 211//419
f 210//420 211//420 220//420
f 211//421 212//421 222//421
f 211//422 222//422 221//422
f 212//423 213//423 223//423
f 212//424 223//424 222//424
f 213//425 214//425 224//425
f 213//426 224//426 223//426
f 214//427 215//427 225//427
f 214//428 225//428 224//428
f 215//429 216//429 226//429
f 215//430 226//430 225//430
f 216//431 217//431 227//431
f 216//432 227//432 226//432
f 217//433 218//433 228//433
f 217//434 228//434 227//434
f 218//435 219//435 229//435
f 218//436 229//436 228//436
f 219//437 220//437 230//437
f 219//438 230//438 229//438
f 220//439 211//439 221//439
f 220//440 221//440 230//440
f 221//441 222//441 232//441
f 221//442 232//442 231//442
f 222//443 223//443 233//443
f 222//444 233//444 232//444
f 223//445 224//445 234//445
f 223//446 234//446 233//446
f 224//447 225//447 235//447
f 224//448 235//448 234//448
f 225//449 226//449 236//449
f 225//450 236//450 235//450
f 226//451 227//451 237//451
f 226//452 237//452 236//452
f 227//453 228//453 238//453
f 227//454 238//454 237//454
f 228//455 229//455 239//455
f 228//456 239//456 238//456
f 229//457 230//457 240//457
f 229//458 240//458 239//458
f 230//459 221//459 231//459
f 230//460 231//460 240//460
f 231//461 232//461 242//461
f 231//462 242//462 241//462
f 232//463 233//463 243//463
f 232//464 243//464 242//464
f 233//465 234//465 244//465
f 233//466 244//466 243//466
f 234//467 235//467 245//467
f 234//468 245//468 244//468
f 235//469 236//469 246//469
f 235//470 246//470 245//470
f 236//471 237//471 247//471
f 236//472 247//472 246//472
f 237//473 238//473 248//473
f 237//474 248//474 247//474
f 238//475 239//475 249//475
f 238//476 249//476 248//476
f 239//477 240//477 250//477
f 239//478 250//478 249//478
f 240//479 231//479 241//479
f 240//480 241//480 250//480
f 241//481 242//481 252//481
f 241//482 252//482 251//482
f 242//483 243//483 253//483
f 242//484 253//484 252//484
f 243//485 244//485 254//485
f 243//486 254//486 253//486
f 244//487 245//487 255//487
f 244//488 255//488 254//488
f 245//489 246//489 256//489
f 245//490 256//490 255//490
f 246//491 247//491 257//491
f 246//492 257//492 256//492
f 247//493 248//493 258//493
f 247//494 258//494 257//494
f 248//495 249//495 259//495
f 248//496 259//496 258//496
f 249//497 250//497 260//497
f 249//498 260//498 259//498
f 250//499 241//499 251//499
f 250//500 251//500 260//500
f 251//501 252//501 262//501
f 251//502 262//502 261//502
f 252//503 253//503 263//503
f 252//504 263//504 262//504
f 253//505 254//505 264//505
f 253//506 264//506 263//506
f 254//507 255//507 265//507
f 254//508 265//508 264//508
f 255//509 256//509 266//509
f 255//510 266//510 265//510
f 256//511 257//511 267//511
f 256//512 267//512 266//512
f 257//513 258//513 268//513
f 257//514 268//514 267//514
f 258//515 259//515 269//515
f 258//516 269//516 268//516
f 259//517 260//517 270//517
f 259//518 270//518 269//518
f 260//519 251//519 261//519
f 260//520 261//520 270//520
f 261//521 262//521 272//521
f 261//522 272//522 271//522
f 262//523 263//523 273//523
f 262//524 273//524 272//524
f 263//525 264//525 274//525
f 263//526 274//526 273//526
f 264//527 265//527 275//527
f 264//528 275//528 274//528
f 265//529 266//529 276//529
f 265//530 276//530 275//530
f 266//531 267//531 277//531
f 266//532 277//532 276//532
f 267//533 268//533 278//533
f 267//534 278//534 277//534
f 268//535 269//535 279//535
f 268//536 279//536 278//536
f 269//537 270//537 280//537
f 269//538 280//538 279//538
f 270//539 261//539 271//539
f 270//540 271//540 280//540
f 271//541 272//541 282//541
f 271//542 282//542 281//542
f 272//543 273//543 283//543
f 272//544 283//544 282//544
f 273//545 274//545 284//545
f 273//546 284//546 283//546
f 274//547 275//547 285//547
f 274//548 285//548 284//548
f 275//549 276//549 286//549
f 275//550 286//550 285//550
f 276//551 277//551 287//551
f 276//552 287//552 286//552
f 277//553 278//553 288//553
f 277//554 288//554 287//554
f 278//555 279//555 289//555
f 278//556 289//556 288//556
f 279//557 280//557 290//557
f 279//558 290//558 289//558
f 280//559 271//559 281//559
f 280//560 281//560 290//560
f 281//561 282//561 292//561
f 281//562 292//562 291//562
f 282//563 283//563 293//563
f 282//564 293//564 292//564
f 283//565 284//565 294//565
f 283//566 294//566 293//566
f 284//567 285//567 295//567
f 284//568 295//568 294//568
f 285//569 286//569 296//569
f 285//570 296//570 295//570
f 286//571 287//571 297//571
f 286//572 297//572 296//572
f 287//573 288//573 298//573
f 287//574 298//574 297//574
f 288//575 289//575 299//575
f 288//576 299//576 298//576
f 289//577 290//577 300//577
f 289//578 300//578 299//578
f 290//579 281//579 291//579
f 290//580 291//580 300//580
f 291//581 292//581 302//581
f 291//582 302//582 301//582
f 292//583 293//583 303//583
f 292//584 303//584 302//584
f 293//585 294//585 304//585
f 293//586 304//586 303//586
f 294//587 295//587 305//587
f 294//588 305//588 304//588
f 295//589 296//589 306//589
f 295//590 306//590 305//590
f 296//591 297//591 307//591
f 296//592 307//592 306//592
f 297//593 298//593 308//593
f 297//594 308//594 307//594
f 298//595 299//595 309//595
f 298//596 309//596 308//596
f 299//597 300//597 310//597
f 299//598 310//598 309//598
f 300//599 291//599 301//599
f 300//600 301//600 310//600
f 301//601 302//601 312//601
f 301//602 312//602 311//602
f 302//603 303//603 313//603
f 302//604 313//604 312//604
f 303//605 304//605 314//605
f 303//606 314//606 313//606
f 304//607 305//607 315//607
f 304//608 315//608 314//608
f 305//609 306//609 316//609
f 305//610 316//610 315//610
f 306//611 307//611 317//611
f 306//612 317//612 316//612
f 307//613 308//613 318//613
f 307//614 318//614 317//614
f 308//615 309//615 319//615
f 308//616 319//616 318//616
f 309//617 310//617 320//617
f 309//618 320//618 319//618
f 310//619 301//619 311//619
f 310//620 311//620 320//620
f 311//621 312//621 322//621
f 311//622 322//622 321//622
f 312//623 313//623 323//623
f 312//624 323//624 322//624
f 313//625 314//625 324//625
f 313//626 324//626 323//626
f 314//627 315//627 325//627
f 314//628 325//628 324//628
f 315//629 316//629 326//629
f 315//630 326//630 325//630
f 316//631 317//631 327//631
f 316//632 327//632 326//632
f 317//633 318//633 328//633
f 317//634 328//634 327//634
f 318//635 319//635 329//635
f 318//636 329//636 328//636
f 319//637 320//637 330//637
f 319//638 330//638 329//638
f 320//639 311//639 321//639
f 320//640 321//640 330//640
f 321//641 322//641 332//641
f 321//642 332//642 331//642
f 322//643 323//643 333//643
f 322//644 333//644 332//644
f 323//645 324//645 334//645
f 323//646 334//646 333//646
f 324//647 325//647 335//647
f 324//648 335//648 334//648
f 325//649 326//649 336//649
f 325//650 336//650 335//650
f 326//651 327//651 337//651
f 326//652 337//652 336//652
f 327//653 328//653 338//653
f 327//654 338//654 337//654
f 328//655 329//655 339//655
f 328//656 339//656 338//656
f 329//657 330//657 340//657
f 329//658 340//658 339//658
f 330//659 321//659 331//659
f 330//660 331//660 340//660
f 331//661 332//661 342//661
f 331//662 342//662 341//662
f 332//663 333//663 343//663
f 332//664 343//664 342//664
f 333//665 334//665 344//665
f 333//666 344//666 343//666
f 334//667 335//667 345//667
f 334//668 345//668 344//668
f 335//669 336//669 346//669
f 335//670 346//670 345//670
f 336//671 337//671 347//671
f 336//672 347//672 346//672
f 337//673 338//673 348//673
f 337//674 348//674 347//674
f 338//675 339//675 349//675
f 338//676 349//676 348//676
f 339//677 340//677 350//677
f 339//678 350//678 349//678
f 340//679 331//679 341//679
f 340//680 341//680 350//680
f 341//681 342//681 352//681
f 341//682 352//682 351//682
f 342//683 343//683 353//683
f 342//684 353//684 352//684
f 343//685 344//685 354//685
f 343//686 354//686 353//686
f 344//687 345//687 355//687
f 344//688 355//688 354//688
f 345//689 346//689 356//689
f 345//690 356//690 355//690
f 346//691 347//691 357//691
f 346//692 357//692 356//692
f 347//693 348//693 358//693
f 347//694 358//694 357//694
f 348//695 349//695 359//695
f 348//696 359//696 358//696
f 349//697 350//697 360//697
f 349//698 360//698 359//698
f 350//699 341//699 351//699
f 350//700 351//700 360//700
f 351//701 352//701 362//701
f 351//702 362//702 361//702
f 352//703 353//703 363//703
f 352//704 363//704 362//704
f 353//705 354//705 364//705
f 353//706 364//706 363//706
f 354//707 355//707 365//707
f 354//708 365//708 364//708
f 355//709 356//709 366//709
f 355//710 366//710 365//710
f 356//711 357//711 367//711
f 356//712 367//712 366//712
f 357//713 358//713 368//713
f 357//714 368//714 367//714
f 358//715 359//715 369//715
f 358//716 369//716 368//716
f 359//717 360//717 370//717
f 359//718 370//718 369//718
f 360//719 351//719 361//719
f 360//720 361//720 370//720
f 361//721 362//721 372//721
f 361//722 372//722 371//722
f 362//723 363//723 373//723
f 362//724 373//724 372//724
f 363//725 364//725 374//725
f 363//726 374//726 373//726
f 364//727 365//727 375//727
f 364//728 375//728 374//728
f 365//729 366//729 376//729
f 365//730 376//730 375//730
f 366//731 367//731 377//731
f 366//732 377//732 376//732
f 367//733 368//733 378//733
f 367//734 378//734 377//734
f 368//735 369//735 379//735
f 368//736 379//736 378//736
f 369//737 370//737 380//737
f 369//738 380//738 379//738
f 370//739 361//739 371//739
f 370//740 371//740 380//740
f 371//741 372//741 382//741
f 371//742 382//742 381//742
f 372//743 373//743 383//743
f 372//744 383//744 382//744
f 373//745 374//745 384//745
f 373//746 384//746 383//746
f 374//747 375//747 385//747
f 374//748 385//748 384//748
f 375//749 376//749 386//749
f 375//750 386//750 385//750
f 376//751 377//751 387//751
f 376//752 387//752 386//752
f 377//753 378//753 388//753
f 377//754 388//754 387//754
f 378//755 379//755 389//755
f 378//756 389//756 388//756
f 379//757 380//757 390//757
f 379//758 390//758 389//758
f 380//759 371//759 381//759
f 380//760 381//760 390//760
f 381//761 382//761 392//761
f 381//762 392//762 391//762
f 382//763 383//763 393//763
f 382//764 393//764 392//764
f 383//765 384//765 394//765
f 383//766 394//766 393//766
f 384//767 385//767 395//767
f 384//768 395//768 394//768
f 385//769 386//769 396//769
f 385//770 396//770 395//770
f 386//771 387//771 397//771
f 386//772 397//772 396//772
f 387//773 388//773 398//773
f 387//774 398//774 397//774
f 388//775 389//775 399//775
f 388//776 399//776 398//776
f 389//777 390//777 400//777
f 389//778 400//778 399//778
f 390//779 381//779 391//779
f 390//780 391//780 400//780
f 391//781 392//781 402//781
f 391//782 402//782 401//782
f 392//783 393//783 403//783
f 392//784 403//784 402//784
f 393//785 394//785 404//785
f 393//786 404//786 403//786
f 394//787 395//787 405//787
f 394//788 405//788 404//788
f 395//789 396//789 406//789
f 395//790 406//790 405//790
f 396//791 397//791 407//791
f 396//792 407//792 406//792
f 397//793 398//793 408//793
f 397//794 408//794 407//794
f 398//795 399//795 409//795
f 398//796 409//796 408//796
f 399//797 400//797 410//797
f 399//798 410//798 409//798
f 400//799 391//799 401//799
f 400//800 401//800 410//800
f 401//801 402//801 412//801
f 401//802 412//802 411//802
f 402//803 403//803 413//803
f 402//804 413//804 412//804
f 403//805 404//805 414//805
f 403//806 414//806 413//806
f 404//807 405//807 415//807
f 404//808 415//808 414//808
f 405//809 406//809 416//809
f 405//810 416//810 415//810
f 406//811 407//811 417//811
f 406//812 417//812 416//812
f 407//813 408//813 418//813
f 407//814 418//814 417//814
f 408//815 409//815 419//815
f 408//816 419//816 418//816
f 409//817 410//817 420//817
f 409//818 420//818 419//818
f 410//819 401//819 411//819
f 410//820 411//820 420//820
f 411//821 412//821 422//821
f 411//822 422//822 421//822
f 412//823 413//823 423//823
f 412//824 423//824 422//824
f 413//825 414//825 424//825
f 413//826 424//826 423//826
f 414//827 415//827 425//827
f 414//828 425//828 424//828
f 415//829 416//829 426//829
f 415//830 426//830 425//830
f 416//831 417//831 427//831
f 416//832 427//832 426//832
f 417//833 418//833 428//833
f 417//834 428//834 427//834
f 418//835 419//835 429//835
f 418//836 429//836 428//836
f 419//837 420//837 430//837
f 419//838 430//838 429//838
f 420//839 411//839 421//839
f 420//840 421//840 430//840
f 421//841 422//841 432//841
f 421//842 432//842 431//842
f 422//843 423//843 433//843
f 422//844 433//844 432//844
f 423//845 424//845 434//845
f 423//846 434//846 433//846
f 424//847 425//847 435//847
f 424//848 435//848 434//848
f 425//849 426//849 436//849
f 425//850 436//850 435//850
f 426//851 427//851 437//851
f 426//852 437//852 436//852
f 427//853 428//853 438//853
f 427//854 438//854 437//854
f 428//855 429//855 439//855
f 428//856 439//856 438//856
f 429//857 430//857 440//857
f 429//858 440//858 439//858
f 430//859 421//859 431//859
f 430//860 431//860 440//860
f 431//861 432//861 442//861
f 431//862 442//862 441//862
f 432//863 433//863 443//863
f 432//864 443//864 442//864
f 433//865 434//865 444//865
f 433//866 444//866 443//866
f 434//867 435//867 445//867
f 434//868 445//868 444//868
f 435//869 436//869 446//869
f 435//870 446//870 445//870
f 436//871 437//871 447//871
f 436//872 447//872 446//872
f 437//873 438//873 448//873
f 437//874 448//874 447//874
f 438//875 439//875 449//875
f 438//876 449//876 448//876
f 439//877 440//877 450//877
f 439//878 450//878 449//878
f 440//879 431//879 441//879
f 440//880 441//880 450//880
f 441//881 442//881 452//881
f 441//882 452//882 451//882
f 442//883 443//883 453//883
f 442//884 453//884 452//884
f 443//885 444//885 454//885
f 443//886 454//886 453//886
f 444//887 445//887 455//887
f 444//888 455//888 454//888
f 445//889 446//889 456//889
f 445//890 456//890 455//890
f 446//891 447//891 457//891
f 446//892 457//892 456//892
f 447//893 448//893 458//893
f 447//894 458//894 457//894
f 448//895 449//895 459//895
f 448//896 459//896 458//896
f 449//897 450//897 460//897
f 449//898 460//898 459//898
f 450//899 441//899 451//899
f 450//900 451//900 460//900
f 451//901 452//901 462//901
f 451//902 462//902 461//902
f 452//903 453//903 463//903
f 452//904 463//904 462//904
f 453//905 454//905 464//905
f 453//906 464//906 463//906
f 454//907 455//907 465//907
f 454//908 465//908 464//908
f 455//909 456//909 466//909
f 455//910 466//910 465//910
f 456//911 457//911 467//911
f 456//912 467//912 466//912
f 457//913 458//913 468//913
f 457//914 468//914 467//914
f 458//915 459//915 469//915
f 458//916 469//916 468//916
f 459//917 460//917 470//917
f 459//918 470//918 469//918
f 460//919 451//919 461//919
f 460//920 461//920 470//920
f 461//921 462//921 472//921
f 461//922 472//922 471//922
f 462//923 463//923 473//923
f 462//924 473//924 472//924
f 463//925 464//925 474//925
f 463//926 474//926 473//926
f 464//927 465//927 475//927
f 464//928 475//928 474//928
f 465//929 466//929 476//929
f 465//930 476//930 475//930
f 466//931 467//931 477//931
f 466//932 477//932 476//932
f 467//933 468//933 478//933
f 467//934 478//934 477//934
f 468//935 469//935 479//935
f 468//936 479//936 478//936
f 469//937 470//937 480//937
f 469//938 480//938 479//938
f 470//939 461//939 471//939
f 470//940 471//940 480//940
f 471//941 472//941 482//941
f 471//942 482//942 481//942
f 472//943 473//943 483//943
f 472//944 483//944 482//944
f 473//945 474//945 484//945
f 473//946 484//946 483//946
f 474//947 475//947 485//947
f 474//948 485//948 484//948
f 475//949 476//949 486//949
f 475//950 486//950 485//950
f 476//951 477//951 487//951
f 476//952 487//952 486//952
f 477//953 478//953 488//953
f 477//954 488//954 487//954
f 478//955 479//955 489//955
f 478//956 489//956 488//956
f 479//957 480//957 490//957
f 479//958 490//958 489//958
f 480//959 471//959 481//959
f 480//960 481//960 490//960
f 481//961 482//961 492//961
f 481//962 492//962 491//962
f 482//963 483//963 493//963
f 482//964 493//964 492//964
f 483//965 484//965 494//965
f 483//966 494//966 493//966
f 484//967 485//967 495//967
f 484//968 495//968 494//968
f 485//969 486//969 496//969
f 485//970 496//970 495//970
f 486//971 487//971 497//971
f 486//972 497//972 496//972
f 487//973 488//973 498//973
f 487//974 498//974 497//974
f 488//975 489//975 499//975
f 488//976 499//976 498//976
f 489//977 490//977 500//977
f 489//978 500//978 499//978
f 490//979 481//979 491//979
f 490//980 491//980 500//980
f 491//981 492//981 502//981
f 491//982 502//982 501//982
f 492//983 493//983 503//983
f 492//984 503//984 502//984
f 493//985 494//985 504//985
f 493//986 504//986 503//986
f 494//987 495//987 505//987
f 494//988 505//988 504//988
f 495//989 496//989 506//989
f 495//990 506//990 505//990
f 496//991 497//991 507//991
f 496//992 507//992 506//992
f 497//993 498//993 508//993
f 497//994 508//994 507//994
f 498//995 499//995 509//995
f 498//996 509//996 508//996
f 499//997 500//997 510//997
f 499//998 510//998 509//998
f 500//999 491//999 501//999
f 500//1000 501//1000 510//1000
f 501//1001 502//1001 512//1001
f 501//1002 512//1002 511//1002
f 502//1003 503//1003 513//1003
f 502//1004 513//1004 512//1004
f 503//1005 504//1005 514//1005
f 503//1006 514//1006 513//1006
f 504//1007 505//1007 515//1007
f 504//1008 515//1008 514//1008
f 505//1009 506//1009 516//1009
f 505//1010 516//1010 515//1010
f 506//1011 507//1011 517//1011
f 506//1012 517//1012 516//1012
f 507//1013 508//1013 518//1013
f 507//1014 518//1014 517//1014
f 508//1015 509//1015 519//1015
f 508//1016 519//1016 518//1016
f 509//1017 510//1017 520//1017
f 509//1018 520//1018 519//1018
f 510//1019 501//1019 511//1019
f 510//1020 511//1020 520//1020
f 511//1021 512//1021 522//1021
f 511//1022 522//1022 521//1022
f 512//1023 513//1023 523//1023
f 512//1024 523//1024 522//1024
f 513//1025 514//1025 524//1025
f 513//1026 524//1026 523//1026
f 514//1027 515//1027 525//1027
f 514//1028 525//1028 524//1028
f 515//1029 516//1029 526//1029
f 515//1030 526//1030 525//1030
f 516//1031 517//1031 527//1031
f 516//1032 527//1032 526//1032
f 517//1033 518//1033 528//1033
f 517//1034 528//1034 527//1034
f 518//1035 519//1035 529//1035
f 518//1036 529//1036 528//1036
f 519//1037 520//1037 530//1037
f 519//1038 530//1038 529//1038
f 520//1039 511//1039 521//1039
f 520//1040 521//1040 530//1040
f 521//1041 522//1041 532//1041
f 521//1042 532//1042 531//1042
f 522//1043 523//1043 533//1043
f 522//1044 533//1044 532//1044
f 523//1045 524//1045 534//1045
f 523//1046 534//1046 533//1046
f 524//1047 525//1047 535//1047
f 524//1048 535//1048 534//1048
f 525//1049 526//1049 536//1049
f 525//1050 536//1050 535//1050
f 526//1051 527//1051 537//1051
f 526//1052 537//1052 536//1052
f 527//1053 528//1053 538//1053
f 527//1054 538//1054 537//1054
f 528//1055 529//1055 539//1055
f 528//1056 539//1056 538//1056
f 529//1057 530//1057 540//1057
f 529//1058 540//1058 539//1058
f 530//1059 521//1059 531//1059
f 530//1060 531//1060 540//1060
f 531//1061 532//1061 542//1061
f 531//1062 542//1062 541//1062
f 532//1063 533//1063 543//1063
f 532//1064 543//1064 542//1064
f 533//1065 534//1065 544//1065
f 533//1066 544//1066 543//1066
f 534//1067 535//1067 545//1067
f 534//1068 545//1068 544//1068
f 535//1069 536//1069 546//1069
f 535//1070 546//1070 545//1070
f 536//1071 537//1071 547//1071
f 536//1072 547//1072 546//1072
f 537//1073 538//1073 548//1073
f 537//1074 548//1074 547//1074
f 538//1075 539//1075 549//1075
f 538//1076 549//1076 548//1076
f 539//1077 540//1077 550//1077
f 539//1078 550//1078 549//1078
f 540//1079 531//1079 541//1079
f 540//1080 541//1080 550//1080
f 541//1081 542//1081 552//1081
f 541//1082 552//1082 551//1082
f 542//1083 543//1083 553//1083
f 542//1084 553//1084 552//1084
f 543//1085 544//1085 554//1085
f 543//1086 554//1086 553//1086
f 544//1087 545//1087 555//1087
f 544//1088 555//1088 554//1088
f 545//1089 546//1089 556//1089
f 545//1090 556//1090 555//1090
f 546//1091 547//1091 557//1091
f 546//1092 557//1092 556//1092
f 547//1093 548//1093 558//1093
f 547//1094 558//1094 557//1094
f 548//1095 549//1095 559//1095
f 548//1096 559//1096 558//1096
f 549//1097 550//1097 560//1097
f 549//1098 560//1098 559//1098
f 550//1099 541//1099 551//1099
f 550//1100 551//1100 560//1100
f 551//1101 552//1101 562//1101
f 551//1102 562//1102 561//1102
f 552//1103 553//1103 563//1103
f 552//1104 563//1104 562//1104
f 553//1105 554//1105 564//1105
f 553//1106 564//1106 563//1106
f 554//1107 555//1107 565//1107
f 554//1108 565//1108 564//1108
f 555//1109 556//1109 566//1109
f 555//1110 566//1110 565//1110
f 556//1111 557//1111 567//1111
f 556//1112 567//1112 566//1112
f 557//1113 558//1113 568//1113
f 557//1114 568//1114 567//1114
f 558//1115 559//1115 569//1115
f 558//1116 569//1116 568//1116
f 559//1117 560//1117 570//1117
f 559//1118 570//1118 569//1118
f 560//1119 551//1119 561//1119
f 560//1120 561//1120 570//1120
f 561//1121 562//1121 572//1121
f 561//1122 572//1122 571//1122
f 562//1123 563//1123 573//1123
f 562//1124 573//1124 572//1124
f 563//1125 564//1125 574//1125
f 563//1126 574//1126 573//1126
f 564//1127 565//1127 575//1127
f 564//1128 575//1128 574//1128
f 565//1129 566//1129 576//1129
f 565//1130 576//1130 575//1130
f 566//1131 567//1131 577//1131
f 566//1132 577//1132 576//1132
f 567//1133 568//1133 578//1133
f 567//1134 578//1134 577//1134
f 568//1135 569//1135 579//1135
f 568//1136 579//1136 578//1136
f 569//1137 570//1137 580//1137
f 569//1138 580//1138 579//1138
f 570//1139 561//1139 571//1139
f 570//1140 571//1140 580//1140
f 571//1141 572//1141 582//1141
f 571//1142 582//1142 581//1142
f 572//1143 573//1143 583//1143
f 572//1144 583//1144 582//1144
f 573//1145 574//1145 584//1145
f 573//1146 584//1146 583//1146
f 574//1147 575//1147 585//1147
f 574//1148 585//1148 584//1148
f 575//1149 576//1149 586//1149
f 575//1150 586//1150 585//1150
f 576//1151 577//1151 587//1151
f 576//1152 587//1152 586//1152
f 577//1153 578//1153 588//1153
f 577//1154 588//1154 587//1154
f 578//1155 579//1155 589//1155
f 578//1156 589//1156 588//1156
f 579//1157 580//1157 590//1157
f 579//1158 590//1158 589//1158
f 580//1159 571//1159 581//1159
f 580//1160 581//1160 590//1160
f 581//1161 582//1161 592//1161
f 581//1162 592//1162 591//1162
f 582//1163 583//1163 593//1163
f 582//1164 593//1164 592//1164
f 583//1165 584//1165 594//1165
f 583//1166 594//1166 593//1166
f 584//1167 585//1167 595//1167
f 584//1168 595//1168 594//1168
f 585//1169 586//1169 596//1169
f 585//1170 596//1170 595//1170
f 586//1171 587//1171 597//1171
f 586//1172 597//1172 596//1172
f 587//1173 588//1173 598//1173
f 587//1174 598//1174 597//1174
f 588//1175 589//1175 599//1175
f 588//1176 599//1176 598//1176
f 589//1177 590//1177 600//1177
f 589//1178 600//1178 599//1178
f 590//1179 581//1179 591//1179
f 590//1180 591//1180 600//1180
f 591//1181 592//1181 602//1181
f 591//1182 602//1182 601//1182
f 592//1183 593//1183 603//1183
f 592//1184 603//1184 602//1184
f 593//1185 594//1185 604//1185
f 593//1186 604//1186 603//1186
f 594//1187 595//1187 605//1187
f 594//1188 605//1188 604//1188
f 595//1189 596//1189 606//1189
f 595//1190 606//1190 605//1190
f 596//1191 597//1191 607//1191
f 596//1192 607//1192 606//1192
f 597//1193 598//1193 608//1193
f 597//1194 608//1194 607//1194
f 598//1195 599//1195 609//1195
f 598//1196 609//1196 608//1196
f 599//1197 600//1197 610//1197
f 599//1198 610//1198 609//1198
f 600//1199 591//1199 601//1199
f 600//1200 601//1200 610//1200
f 601//1201 602//1201 612//1201
f 601//1202 612//1202 611//1202
f 602//1203 603//1203 613//1203
f 602//1204 613//1204 612//1204
f 603//1205 604//1205 614//1205
f 603//1206 614//1206 613//1206
f 604//1207 605//1207 615//1207
f 604//1208 615//1208 614//1208
f 605//1209 606//1209 616//1209
f 605//1210 616//1210 615//1210
f 606//1211 607//1211 617//1211
f 606//1212 617//1212 616//1212
f 607//1213 608//1213 618//1213
f 607//1214 618//1214 617//1214
f 608//1215 609//1215 619//1215
f 608//1216 619//1216 618//1216
f 609//1217 610//1217 620//1217
f 609//1218 620//1218 619//1218
f 610//1219 601//1219 611//1219
f 610//1220 611//1220 620//1220
f 611//1221 612//1221 622//1221
f 611//1222 622//1222 621//1222
f 612//1223 613//1223 623//1223
f 612//1224 623//1224 622//1224
f 613//1225 614//1225 624//1225
f 613//1226 624//1226 623//1226
f 614//1227 615//1227 625//1227
f 614//1228 625//1228 624//1228
f 615//1229 616//1229 626//1229
f 615//1230 626//1230 625//1230
f 616//1231 617//1231 627//1231
f 616//1232 627//1232 626//1232
f 617//1233 618//1233 628//1233
f 617//1234 628//1234 627//1234
f 618//1235 619//1235 629//1235
f 618//1236 629//1236 628//1236
f 619//1237 620//1237 630//1237
f 619//1238 630//1238 629//1238
f 620//1239 611//1239 621//1239
f 620//1240 621//1240 630//1240
f 621//1241 622//1241 632//1241
f 621//1242 632//1242 631//1242
f 622//1243 623//1243 633//1243
f 622//1244 633//1244 632//1244
f 623//1245 624//1245 634//1245
f 623//1246 634//1246 633//1246
f 624//1247 625//1247 635//1247
f 624//1248 635//1248 634//1248
f 625//1249 626//1249 636//1249
f 625//1250 636//1250 635//1250
f 626//1251 627//1251 637//1251
f 626//1252 637//1252 636//1252
f 627//1253 628//1253 638//1253
f 627//1254 638//1254 637//1254
f 628//1255 629//1255 639//1255
f 628//1256 639//1256 638//1256
f 629//1257 630//1257 640//1257
f 629//1258 640//1258 639//1258
f 630//1259 621//1259 631//1259
f 630//1260 631//1260 640//1260
f 631//1261 632//1261 642//1261
f 631//1262 642//1262 641//1262
f 632//1263 633//1263 643//1263
f 632//1264 643//1264 642//1264
f 633//1265 634//1265 644//1265
f 633//1266 644//1266 643//1266
f 634//1267 635//1267 645//1267
f 634//1268 645//1268 644//1268
f 635//1269 636//1269 646//1269
f 635//1270 646//1270 645//1270
f 636//1271 637//1271 647//1271
f 636//1272 647//1272 646//1272
f 637//1273 638//1273 648//1273
f 637//1274 648//1274 647//1274
f 638//1275 639//1275 649//1275
f 638//1276 649//1276 648//1276
f 639//1277 640//1277 650//1277
f 639//1278 650//1278 649//1278
f 640//1279 631//1279 641//1279
f 640//1280 641//1280 650//1280
f 641//1281 642//1281 652//1281
f 641//1282 652//1282 651//1282
f 642//1283 643//1283 653//1283
f 642//1284 653//1284 652//1284
f 643//1285 644//1285 654//1285
f 643//1286 654//1286 653//1286
f 644//1287 645//1287 655//1287
f 644//1288 655//1288 654//1288
f 645//1289 646//1289 656//1289
f 645//1290 656//1290 655//1290
f 646//1291 647//1291 657//1291
f 646//1292 657//1292 656//1292
f 647//1293 648//1293 658//1293
f 647//1294 658//1294 657//1294
f 648//1295 649//1295 659//1295
f 648//1296 659//1296 658//1296
f 649//1297 650//1297 660//1297
f 649//1298 660//1298 659//1298
f 650//1299 641//1299 651//1299
f 650//1300 651//1300 660//1300
f 651//1301 652//1301 662//1301
f 651//1302 662//1302 661//1302
f 652//1303 653//1303 663//1303
f 652//1304 663//1304 662//1304
f 653//1305 654//1305 664//1305
f 653//1306 664//1306 663//1306
f 654//1307 655//1307 665//1307
f 654//1308 665//1308 664//1308
f 655//1309 656//1309 666//1309
f 655//1310 666//1310 665//1310
f 656//1311 657//1311 667//1311
f 656//1312 667//1312 666//1312
f 657//1313 658//1313 668//1313
f 657//1314 668//1314 667//1314
f 658//1315 659//1315 669//1315
f 658//1316 669//1316 668//1316
f 659//1317 660//1317 670//1317
f 659//1318 670//1318 669//1318
f 660//1319 651//1319 661//1319
f 660//1320 661//1320 670//1320
f 661//1321 662//1321 672//1321
f 661//1322 672//1322 671//1322
f 662//1323 663//1323 673//1323
f 662//1324 673//1324 672//1324
f 663//1325 664//1325 674//1325
f 663//1326 674//1326 673//1326
f 664//1327 665//1327 675//1327
f 664//1328 675//1328 674//1328
f 665//1329 666//1329 676//1329
f 665//1330 676//1330 675//1330
f 666//1331 667//1331 677//1331
f 666//1332 677//1332 676//1332
f 667//1333 668//1333 678//1333
f 667//1334 678//1334 677//1334
f 668//1335 669//1335 679//1335
f 668//1336 679//1336 678//1336
f 669//1337 670//1337 680//1337
f 669//1338 680//1338 679//1338
f 670//1339 661//1339 671//1339
f 670//1340 671//1340 680//1340
f 671//1341 672//1341 682//1341
f 671//1342 682//1342 681//1342
f 672//1343 673//1343 683//1343
f 672//1344 683//1344 682//1344
f 673//1345 674//1345 684//1345
f 673//1346 684//1346 683//1346
f 674//1347 675//1347 685//1347
f 674//1348 685//1348 684//1348
f 675//1349 676//1349 686//1349
f 675//1350 686//1350 685//1350
f 676//1351 677//1351 687//1351
f 676//1352 687//1352 686//1352
f 677//1353 678//1353 688//1353
f 677//1354 688//1354 687//1354
f 678//1355 679//1355 689//1355
f 678//1356 689//1356 688//1356
f 679//1357 680//1357 690//1357
f 679//1358 690//1358 689//1358
f 680//1359 671//1359 681//1359
f 680//1360 681//1360 690//1360
f 681//1361 682//1361 692//1361
f 681//1362 692//1362 691//1362
f 682//1363 683//1363 693//1363
f 682//1364 693//1364 692//1364
f 683//1365 684//1365 694//1365
f 683//1366 694//1366 693//1366
f 684//1367 685//1367 695//1367
f 684//1368 695//1368 694//1368
f 685//1369 686//1369 696//1369
f 685//1370 696//1370 695//1370
f 686//1371 687//1371 697//1371
f 686//1372 697//1372 696//1372
f 687//1373 688//1373 698//1373
f 687//1374 698//1374 697//1374
f 688//1375 689//1375 699//1375
f 688//1376 699//1376 698//1376
f 689//1377 690//1377 700//1377
f 689//1378 700//1378 699//1378
f 690//1379 681//1379 691//1379
f 690//1380 691//1380 700//1380
f 691//1381 692//1381 702//1381
f 691//1382 702//1382 701//1382
f 692//1383 693//1383 703//1383
f 692//1384 703//1384 702//1384
f 693//1385 694//1385 704//1385
f 693//1386 704//1386 703//1386
f 694//1387 695//1387 705//1387
f 694//1388 705//1388 704//1388
f 695//1389 696//1389 706//1389
f 695//1390 706//1390 705//1390
f 696//1391 697//1391 707//1391
f 696//1392 707//1392 706//1392
f 697//1393 698//1393 708//1393
f 697//1394 708//1394 707//1394
f 698//1395 699//1395 709//1395
f 698//1396 709//1396 708//1396
f 699//1397 700//1397 710//1397
f 699//1398 710//1398 709//1398
f 700//1399 691//1399 701//1399
f 700//1400 701//1400 710//1400
f 701//1401 702//1401 712//1401
f 701//1402 712//1402 711//1402
f 702//1403 703//1403 713//1403
f 702//1404 713//1404 712//1404
f 703//1405 704//1405 714//1405
f 703//1406 714//1406 713//1406
f 704//1407 705//1407 715//1407
f 704//1408 715//1408 714//1408
f 705//1409 706//1409 716//1409
f 705//1410 716//1410 715//1410
f 706//1411 707//1411 717//1411
f 706//1412 717//1412 716//1412
f 707//1413 708//1413 718//1413
f 707//1414 718//1414 717//1414
f 708//1415 709//1415 719//1415
f 708//1416 719//1416 718//1416
f 709//1417 710//1417 720//1417
f 709//1418 720//1418 719//1418
f 710//1419 701//1419 711//1419
f 710//1420 711//1420 720//1420
f 711//1421 712//1421 722//1421
f 711//1422 722//1422 721//1422
f 712//1423 713//1423 723//1423
f 712//1424 723//1424 722//1424
f 713//1425 714//1425 724//1425
f 713//1426 724//1426 723//1426
f 714//1427 715//1427 725//1427
f 714//1428 725//1428 724//1428
f 715//1429 716//1429 726//1429
f 715//1430 726//1430 725//1430
f 716//1431 717//1431 727//1431
f 716//1432 727//1432 726//1432
f 717//1433 718//1433 728//1433
f 717//1434 728//1434 727//1434
f 718//1435 719//1435 729//1435
f 718//1436 729//1436 728//1436
f 719//1437 720//1437 730//1437
f 719//1438 730//1438 729//1438
f 720//1439 711//1439 721//1439
f 720//1440 721//1440 730//1440
f 721//1441 722//1441 732//1441
f 721//1442 732//1442 731//1442
f 722//1443 723//1443 733//1443
f 722//1444 733//1444 732//1444
f 723//1445 724//1445 734//1445
f 723//1446 734//1446 733//1446
f 724//1447 725//1447 735//1447
f 724//1448 735//1448 734//1448
f 725//1449 726//1449 736//1449
f 725//1450 736//1450 735//1450
f 726//1451 727//1451 737//1451
f 726//1452 737//1452 736//1452
f 727//1453 728//1453 738//1453
f 727//1454 738//1454 737//1454
f 728//1455 729//1455 739//1455
f 728//1456 739//1456 738//1456
f 729//1457 730//1457 740//1457
f 729//1458 740//1458 739//1458
f 730//1459 721//1459 731//1459
f 730//1460 731//1460 740//1460
f 731//1461 732//1461 742//1461
f 731//1462 742//1462 741//1462
f 732//1463 733//1463 743//1463
f 732//1464 743//1464 742//1464
f 733//1465 734//1465 744//1465
f 733//1466 744//1466 743//1466
f 734//1467 735//1467 745//1467
f 734//1468 745//1468 744//1468
f 735//1469 736//1469 746//1469
f 735//1470 746//1470 745//1470
f 736//1471 737//1471 747//1471
f 736//1472 747//1472 746//1472
f 737//1473 738//1473 748//1473
f 737//1474 748//1474 747//1474
f 738//1475 739//1475 749//1475
f 738//1476 749//1476 748//1476
f 739//1477 740//1477 750//1477
f 739//1478 750//1478 749//1478
f 740//1479 731//1479 741//1479
f 740//1480 741//1480 750//1480
f 741//1481 742//1481 752//1481
f 741//1482 752//1482 751//1482
f 742//1483 743//1483 753//1483
f 742//1484 753//1484 752//1484
f 743//1485 744//1485 754//1485
f 743//1486 754//1486 753//1486
f 744//1487 745//1487 755//1487
f 744//1488 755//1488 754//1488
f 745//1489 746//1489 756//1489
f 745//1490 756//1490 755//1490
f 746//1491 747//1491 757//1491
f 746//1492 757//1492 756//1492
f 747//1493 748//1493 758//1493
f 747//1494 758//1494 757//1494
f 748//1495 749//1495 759//1495
f 748//1496 759//1496 758//1496
f 749//1497 750//1497 760//1497
f 749//1498 760//1498 759//1498
f 750//1499 741//1499 751//1499
f 750//1500 751//1500 760//1500
f 751//1501 752//1501 762//1501
f 751//1502 762//1502 761//1502
f 752//1503 753//1503 763//1503
f 752//1504 763//1504 762//1504
f 753//1505 754//1505 764//1505
f 753//1506 764//1506 763//1506
f 754//1507 755//1507 765//1507
f 754//1508 765//1508 764//1508
f 755//1509 756//1509 766//1509
f 755//1510 766//1510 765//1510
f 756//1511 757//1511 767//1511
f 756//1512 767//1512 766//1512
f 757//1513 758//1513 768//1513
f 757//1514 768//1514 767//1514
f 758//1515 759//1515 769//1515
f 758//1516 769//1516 768//1516
f 759//1517 760//1517 770//1517
f 759//1518 770//1518 769//1518
f 760//1519 751//1519 761//1519
f 760//1520 761//1520 770//1520
f 761//1521 762//1521 772//1521
f 761//1522 772//1522 771//1522
f 762//1523 763//1523 773//1523
f 762//1524 773//1524 772//1524
f 763//1525 764//1525 774//1525
f 763//1526 774//1526 773//1526
f 764//1527 765//1527 775//1527
f 764//1528 775//1528 774//1528
f 765//1529 766//1529 776//1529
f 765//1530 776//1530 775//1530
f 766//1531 767//1531 777//1531
f 766//1532 777//1532 776//1532
f 767//1533 768//1533 778//1533
f 767//1534 778//1534 777//1534
f 768//1535 769//1535 779//1535
f 768//1536 779//1536 778//1536
f 769//1537 770//1537 780//1537
f 769//1538 780//1538 779//1538
f 770//1539 761//1539 771//1539
f 770//1540 771//1540 780//1540
f 771//1541 772//1541 782//1541
f 771//1542 782//1542 781//1542
f 772//1543 773//1543 783//1543
f 772//1544 783//1544 782//1544
f 773//1545 774//1545 784//1545
f 773//1546 784//1546 783//1546
f 774//1547 775//1547 785//1547
f 774//1548 785//1548 784//1548
f 775//1549 776//1549 786//1549
f 775//1550 786//1550 785//1550
f 776//1551 777//1551 787//1551
f 776//1552 787//1552 786//1552
f 777//1553 778//1553 788//1553
f 777//1554 788//1554 787//1554
f 778//1555 779//1555 789//1555
f 778//1556 789//1556 788//1556
f 779//1557 780//1557 790//1557
f 779//1558 790//1558 789//1558
f 780//1559 771//1559 781//1559
f 780//1560 781//1560 790//1560
f 781//1561 782//1561 792//1561
f 781//1562 792//1562 791//1562
f 782//1563 783//1563 793//1563
f 782//1564 793//1564 792//1564
f 783//1565 784//1565 794//1565
f 783//1566 794//1566 793//1566
f 784//1567 785//1567 795//1567
f 784//1568 795//1568 794//1568
f 785//1569 786//1569 796//1569
f 785//1570 796//1570 795//1570
f 786//1571 787//1571 797//1571
f 786//1572 797//1572 796//1572
f 787//1573 788//1573 798//1573
f 787//1574 798//1574 797//1574
f 788//1575 789//1575 799//1575
f 788//1576 799//1576 798//1576
f 789//1577 790//1577 800//1577
f 789//1578 800//1578 799//1578
f 790//1579 781//1579 791//1579
f 790//1580 791//1580 800//1580
f 791//1581 792//1581 802//1581
f 791//1582 802//1582 801//1582
f 792//1583 793//1583 803//1583
f 792//1584 803//1584 802//1584
f 793//1585 794//1585 804//1585
f 793//1586 804//1586 803//1586
f 794//1587 795//1587 805//1587
f 794//1588 805//1588 804//1588
f 795//1589 796//1589 806//1589
f 795//1590 806//1590 805//1590
f 796//1591 797//1591 807//1591
f 796//1592 807//1592 806//1592
f 797//1593 798//1593 808//1593
f 797//1594 808//1594 807//1594
f 798//1595 799//1595 809//1595
f 798//1596 809//1596 808//1596
f 799//1597 800//1597 810//1597
f 799//1598 810//1598 809//1598
f 800//1599 791//1599 801//1599
f 800//1600 801//1600 810//1600
f 801//1601 802//1601 812//1601
f 801//1602 812//1602 811//1602
f 802//1603 803//1603 813//1603
f 802//1604 813//1604 812//1604
f 803//1605 804//1605 814//1605
f 803//1606 814//1606 813//1606
f 804//1607 805//1607 815//1607
f 804//1608 815//1608 814//1608
f 805//1609 806//1609 816//1609
f 805//1610 816//1610 815//1610
f 806//1611 807//1611 817//1611
f 806//1612 817//1612 816//1612
f 807//1613 808//1613 818//1613
f 807//1614 818//1614 817//1614
f 808//1615 809//1615 819//1615
f 808//1616 819//1616 818//1616
f 809//1617 810//1617 820//1617
f 809//1618 820//1618 819//1618
f 810//1619 801//1619 811//1619
f 810//1620 811//1620 820//1620
f 811//1621 812//1621 822//1621
f 811//1622 822//1622 821//1622
f 812//1623 813//1623 823//1623
f 812//1624 823//1624 822//1624
f 813//1625 814//1625 824//1625
f 813//1626 824//1626 823//1626
f 814//1627 815//1627 825//1627
f 814//1628 825//1628 824//1628
f 815//1629 816//1629 826//1629
f 815//1630 826//1630 825//1630
f 816//1631 817//1631 827//1631
f 816//1632 827//1632 826//1632
f 817//1633 818//1633 828//1633
f 817//1634 828//1634 827//1634
f 818//1635 819//1635 829//1635
f 818//1636 829//1636 828//1636
f 819//1637 820//1637 830//1637
f 819//1638 830//1638 829//1638
f 820//1639 811//1639 821//1639
f 820//1640 821//1640 830//1640
f 821//1641 822//1641 832//1641
f 821//1642 832//1642 831//1642
f 822//1643 823//1643 833//1643
f 822//1644 833//1644 832//1644
f 823//1645 824//1645 834//1645
f 823//1646 834//1646 833//1646
f 824//1647 825//1647 835//1647
f 824//1648 835//1648 834//1648
f 825//1649 826//1649 836//1649
f 825//1650 836//1650 835//1650
f 826//1651 827//1651 837//1651
f 826//1652 837//1652 836//1652
f 827//1653 828//1653 838//1653
f 827//1654 838//1654 837//1654
f 828//1655 829//1655 839//1655
f 828//1656 839//1656 838//1656
f 829//1657 830//1657 840//1657
f 829//1658 840//1658 839//1658
f 830//1659 821//1659 831//1659
f 830//1660 831//1660 840//1660
f 831//1661 832//1661 842//1661
f 831//1662 842//1662 841//1662
f 832//1663 833//1663 843//1663
f 832//1664 843//1664 842//1664
f 833//1665 834//1665 844//1665
f 833//1666 844//1666 843//1666
f 834//1667 835//1667 845//1667
f 834//1668 845//1668 844//1668
f 835//1669 836//1669 846//1669
f 835//1670 846//1670 845//1670
f 836//1671 837//1671 847//1671
f 836//1672 847//1672 846//1672
f 837//1673 838//1673 848//1673
f 837//1674 848//1674 847//1674
f 838//1675 839//1675 849//1675
f 838//1676 849//1676 848//1676
f 839//1677 840//1677 850//1677
f 839//1678 850//1678 849//1678
f 840//1679 831//1679 841//1679
f 840//1680 841//1680 850//1680
f 841//1681 842//1681 852//1681
f 841//1682 852//1682 851//1682
f 842//1683 843//1683 853//1683
f 842//1684 853//1684 852//1684
f 843//1685 844//1685 854//1685
f 843//1686 854//1686 853//1686
f 844//1687 845//1687 855//1687
f 844//1688 855//1688 854//1688
f 845//1689 846//1689 856//1689
f 845//1690 856//1690 855//1690
f 846//1691 847//1691 857//1691
f 846//1692 857//1692 856//1692
f 847//1693 848//1693 858//1693
f 847//1694 858//1694 857//1694
f 848//1695 849//1695 859//1695
f 848//1696 859//1696 858//1696
f 849//1697 850//1697 860//1697
f 849//1698 860//1698 859//1698
f 850//1699 841//1699 851//1699
f 850//1700 851//1700 860//1700
f 851//1701 852//1701 862//1701
f 851//1702 862//1702 861//1702
f 852//1703 853//1703 863//1703
f 852//1704 863//1704 862//1704
f 853//1705 854//1705 864//1705
f 853//1706 864//1706 863//1706
f 854//1707 855//1707 865//1707
f 854//1708 865//1708 864//1708
f 855//1709 856//1709 866//1709
f 855//1710 866//1710 865//1710
f 856//1711 857//1711 867//1711
f 856//1712 867//1712 866//1712
f 857//1713 858//1713 868//1713
f 857//1714 868//1714 867//1714
f 858//1715 859//1715 869//1715
f 858//1716 869//1716 868//1716
f 859//1717 860//1717 870//1717
f 859//1718 870//1718 869//1718
f 860//1719 851//1719 861//1719
f 860//1720 861//1720 870//1720
f 861//1721 862//1721 872//1721
f 861//1722 872//1722 871//1722
f 862//1723 863//1723 873//1723
f 862//1724 873//1724 872//1724
f 863//1725 864//1725 874//1725
f 863//1726 874//1726 873//1726
f 864//1727 865//1727 875//1727
f 864//1728 875//1728 874//1728
f 865//1729 866//1729 876//1729
f 865//1730 876//1730 875//1730
f 866//1731 867//1731 877//1731
f 866//1732 877//1732 876//1732
f 867//1733 868//1733 878//1733
f 867//1734 878//1734 877//1734
f 868//1735 869//1735 879//1735
f 868//1736 879//1736 878//1736
f 869//1737 870//1737 880//1737
f 869//1738 880//1738 879//1738
f 870//1739 861//1739 871//1739
f 870//1740 871//1740 880//1740
f 871//1741 872//1741 882//1741
f 871//1742 882//1742 881//1742
f 872//1743 873//1743 883//1743
f 872//1744 883//1744 882//1744
f 873//1745 874//1745 884//1745
f 873//1746 884//1746 883//1746
f 874//1747 875//1747 885//1747
f 874//1748 885//1748 884//1748
f 875//1749 876//1749 886//1749
f 875//1750 886//1750 885//1750
f 876//1751 877//1751 887//1751
f 876//1752 887//1752 886//1752
f 877//1753 878//1753 888//1753
f 877//1754 888//1754 887//1754
f 878//1755 879//1755 889//1755
f 878//1756 889//1756 888//1756
f 879//1757 880//1757 890//1757
f 879//1758 890//1758 889//1758
f 880//1759 871//1759 881//1759
f 880//1760 881//1760 890//1760
f 881//1761 882//1761 892//1761
f 881//1762 892//1762 891//1762
f 882//1763 883//1763 893//1763
f 882//1764 893//1764 892//1764
f 883//1765 884//1765 894//1765
f 883//1766 894//1766 893//1766
f 884//1767 885//1767 895//1767
f 884//1768 895//1768 894//1768
f 885//1769 886//1769 896//1769
f 885//1770 896//1770 895//1770
f 886//1771 887//1771 897//1771
f 886//1772 897//1772 896//1772
f 887//1773 888//1773 898//1773
f 887//1774 898//1774 897//1774
f 888//1775 889//1775 899//1775
f 888//1776 899//1776 898//1776
f 889//1777 890//1777 900//1777
f 889//1778 900//1778 899//1778
f 890//1779 881//1779 891//1779
f 890//1780 891//1780 900//1780
f 891//1781 892//1781 902//1781
f 891//1782 902//1782 901//1782
f 892//1783 893//1783 903//1783
f 892//1784 903//1784 902//1784
f 893//1785 894//1785 904//1785
f 893//1786 904//1786 903//1786
f 894//1787 895//1787 905//1787
f 894//1788 905//1788 904//1788
f 895//1789 896//1789 906//1789
f 895//1790 906//1790 905//1790
f 896//1791 897//1791 907//1791
f 896//1792 907//1792 906//1792
f 897//1793 898//1793 908//1793
f 897//1794 908//1794 907//1794
f 898//1795 899//1795 909//1795
f 898//1796 909//1796 908//1796
f 899//1797 900//1797 910//1797
f 899//1798 910//1798 909//1798
f 900//1799 891//1799 901//1799
f 900//1800 901//1800 910//1800
f 901//1801 902//1801 912//1801
f 901//1802 912//1802 911//1802
f 902//1803 903//1803 913//1803
f 902//1804 913//1804 912//1804
f 903//1805 904//1805 914//1805
f 903//1806 914//1806 913//1806
f 904//1807 905//1807 915//1807
f 904//1808 915//1808 914//1808
f 905//1809 906//1809 916//1809
f 905//1810 916//1810 915//1810
f 906//1811 907//1811 917//1811
f 906//1812 917//1812 916//1812
f 907//1813 908//1813 918//1813
f 907//1814 918//1814 917//1814
f 908//1815 909//1815 919//1815
f 908//1816 919//1816 918//1816
f 909//1817 910//1817 920//1817
f 909//1818 920//1818 919//1818
f 910//1819 901//1819 911//1819
f 910//1820 911//1820 920//1820
f 911//1821 912//1821 922//1821
f 911//1822 922//1822 921//1822
f 912//1823 913//1823 923//1823
f 912//1824 923//1824 922//1824
f 913//1825 914//1825 924//1825
f 913//1826 924//1826 923//1826
f 914//1827 915//1827 925//1827
f 914//1828 925//1828 924//1828
f 915//1829 916//1829 926//1829
f 915//1830 926//1830 925//1830
f 916//1831 917//1831 927//1831
f 916//1832 927//1832 926//1832
f 917//1833 918//1833 928//1833
f 917//1834 928//1834 927//1834
f 918//1835 919//1835 929//1835
f 918//1836 929//1836 928//1836
f 919//1837 920//1837 930//1837
f 919//1838 930//1838 929//1838
f 920//1839 911//1839 921//1839
f 920//1840 921//1840 930//1840
f 921//1841 922//1841 932//1841
f 921//1842 932//1842 931//1842
f 922//1843 923//1843 933//1843
f 922//1844 933//1844 932//1844
f 923//1845 924//1845 934//1845
f 923//1846 934//1846 933//1846
f 924//1847 925//1847 935//1847
f 924//1848 935//1848 934//1848
f 925//1849 926//1849 936//1849
f 925//1850 936//1850 935//1850
f 926//1851 927//1851 937//1851
f 926//1852 937//1852 936//1852
f 927//1853 928//1853 938//1853
f 927//1854 938//1854 937//1854
f 928//1855 929//1855 939//1855
f 928//1856 939//1856 938//1856
f 929//1857 930//1857 940//1857
f 929//1858 940//1858 939//1858
f 930//1859 921//1859 931//1859
f 930//1860 931//1860 940//1860
f 931//1861 932//1861 942//1861
f 931//1862 942//1862 941//1862
f 932//1863 933//1863 943//1863
f 932//1864 943//1864 942//1864
f 933//1865 934//1865 944//1865
f 933//1866 944//1866 943//1866
f 934//1867 935//1867 945//1867
f 934//1868 945//1868 944//1868
f 935//1869 936//1869 946//1869
f 935//1870 946//1870 945//1870
f 936//1871 937//1871 947//1871
f 936//1872 947//1872 946//1872
f 937//1873 938//1873 948//1873
f 937//1874 948//1874 947//1874
f 938//1875 939//1875 949//1875
f 938//1876 949//1876 948//1876
f 939//1877 940//1877 950//1877
f 939//1878 950//1878 949//1878
f 940//1879 931//1879 941//1879
f 940//1880 941//1880 950//1880
f 941//1881 942//1881 952//1881
f 941//1882 952//1882 951//1882
f 942//1883 943//1883 953//1883
f 942//1884 953//1884 952//1884
f 943//1885 944//1885 954//1885
f 943//1886 954//1886 953//1886
f 944//1887 945//1887 955//1887
f 944//1888 955//1888 954//1888
f 945//1889 946//1889 956//1889
f 945//1890 956//1890 955//1890
f 946//1891 947//1891 957//1891
f 946//1892 957//1892 956//1892
f 947//1893 948//1893 958//1893
f 947//1894 958//1894 957//1894
f 948//1895 949//1895 959//1895
f 948//1896 959//1896 958//1896
f 949//1897 950//1897 960//1897
f 949//1898 960//1898 959//1898
f 950//1899 941//1899 951//1899
f 950//1900 951//1900 960//1900
f 951//1901 952//1901 962//1901
f 951//1902 962//1902 961//1902
f 952//1903 953//1903 963//1903
f 952//1904 963//1904 962//1904
f 953//1905 954//1905 964//1905
f 953//1906 964//1906 963//1906
f 954//1907 955//1907 965//1907
f 954//1908 965//1908 964//1908
f 955//1909 956//1909 966//1909
f 955//1910 966//1910 965//1910
f 956//1911 957//1911 967//1911
f 956//1912 967//1912 966//1912
f 957//1913 958//1913 968//1913
f 957//1914 968//1914 967//1914
f 958//1915 959//1915 969//1915
f 958//1916 969//1916 968//1916
f 959//1917 960//1917 970//1917
f 959//1918 970//1918 969//1918
f 960//1919 951//1919 961//1919
f 960//1920 961//1920 970//1920
f 961//1921 962//1921 972//1921
f 961//1922 972//1922 971//1922
f 962//1923 963//1923 973//1923
f 962//1924 973//1924 972//1924
f 963//1925 964//1925 974//1925
f 963//1926 974//1926 973//1926
f 964//1927 965//1927 975//1927
f 964//1928 975//1928 974//1928
f 965//1929 966//1929 976//1929
f 965//1930 976//1930 975//1930
f 966//1931 967//1931 977//1931
f 966//1932 977//1932 976//1932
f 967//1933 968//1933 978//1933
f 967//1934 978//1934 977//1934
f 968//1935 969//1935 979//1935
f 968//1936 979//1936 978//1936
f 969//1937 970//1937 980//1937
f 969//1938 980//1938 979//1938
f 970//1939 961//1939 971//1939
f 970//1940 971//1940 980//1940
f 971//1941 972//1941 982//1941
f 971//1942 982//1942 981//1942
f 972//1943 973//1943 983//1943
f 972//1944 983//1944 982//1944
f 973//1945 974//1945 984//1945
f 973//1946 984//1946 983//1946
f 974//1947 975//1947 985//1947
f 974//1948 985//1948 984//1948
f 975//1949 976//1949 986//1949
f 975//1950 986//1950 985//1950
f 976//1951 977//1951 987//1951
f 976//1952 987//1952 986//1952
f 977//1953 978//1953 988//1953
f 977//1954 988//1954 987//1954
f 978//1955 979//1955 989//1955
f 978//1956 989//1956 988//1956
f 979//1957 980//1957 990//1957
f 979//1958 990//1958 989//1958
f 980//1959 971//1959 981//1959
f 980//1960 981//1960 990//1960
f 981//1961 982//1961 992//1961
f 981//1962 992//1962 991//1962
f 982//1963 983//1963 993//1963
f 982//1964 993//1964 992//1964
f 983//1965 984//1965 994//1965
f 983//1966 994//1966 993//1966
f 984//1967 985//1967 995//1967
f 984//1968 995//1968 994//1968
f 985//1969 986//1969 996//1969
f 985//1970 996//1970 995//1970
f 986//1971 987//1971 997//1971
f 986//1972 997//1972 996//1972
f 987//1973 988//1973 998//1973
f 987//1974 998//1974 997//1974
f 988//1975 989//1975 999//1975
f 988//1976 999//1976 998//1976
f 989//1977 990//1977 1000//1977
f 989//1978 1000//1978 999//1978
f 990//1979 981//1979 991//1979
f 990//1980 991//1980 1000//1980
f 991//1981 992//1981 1002//1981
f 991//1982 1002//1982 1001//1982
f 992//1983 993//1983 1003//1983
f 992//1984 1003//1984 1002//1984
f 993//1985 994//1985 1004//1985
f 993//1986 1004//1986 1003//1986
f 994//1987 995//1987 1005//1987
f 994//1988 1005//1988 1004//1988
f 995//1989 996//1989 1006//1989
f 995//1990 1006//1990 1005//1990
f 996//1991 997//1991 1007//1991
f 996//1992 1007//1992 1006//1992
f 997//1993 998//1993 1008//1993
f 997//1994 1008//1994 1007//1994
f 998//1995 999//1995 1009//1995
f 998//1996 1009//1996 1008//1996
f 999//1997 1000//1997 1010//1997
f 999//1998 1010//1998 1009//1998
f 1000//1999 991//1999 1001//1999
f 1000//2000 1001//2000 1010//2000
f 1001//2001 1002//2001 1012//2001
f 1001//2002 1012//2002 1011//2002
f 1002//2003 1003//2003 1013//2003
f 1002//2004 1013//2004 1012//2004
f 1003//2005 1004//2005 1014//2005
f 1003//2006 1014//2006 1013//2006
f 1004//2007 1005//2007 1015//2007
f 1004//2008 1015//2008 1014//2008
f 1005//2009 1006//2009 1016//2009
f 1005//2010 1016//2010 1015//2010
f 1006//2011 1007//2011 1017//2011
f 1006//2012 1017//2012 1016//2012
f 1007//2013 1008//2013 1018//2013
f 1007//2014 1018//2014 1017//2014
f 1008//2015 1009//2015 1019//2015
f 1008//2016 1019//2016 1018//2016
f 1009//2017 1010//2017 1020//2017
f 1009//2018 1020//2018 1019//2018
f 1010//2019 1001//2019 1011//2019
f 1010//2020 1011//2020 1020//2020
f 1011//2021 1012//2021 1022//2021
f 1011//2022 1022//2022 1021//2022
f 1012//2023 1013//2023 1023//2023
f 1012//2024 1023//2024 1022//2024
f 1013//2025 1014//2025 1024//2025
f 1013//2026 1024//2026 1023//2026
f 1014//2027 1015//2027 1025//2027
f 1014//2028 1025//2028 1024//2028
f 1015//2029 1016//2029 1026//2029
f 1015//2030 1026//2030 1025//2030
f 1016//2031 1017//2031 1027//2031
f 1016//2032 1027//2032 1026//2032
f 1017//2033 1018//2033 1028//2033
f 1017//2034 1028//2034 1027//2034
f 1018//2035 1019//2035 1029//2035
f 1018//2036 1029//2036 1028//2036
f 1019//2037 1020//2037 1030//2037
f 1019//2038 1030//2038 1029//2038
f 1020//2039 1011//2039 1021//2039
f 1020//2040 1021//2040 1030//2040
f 1021//2041 1022//2041 1032//2041
f 1021//2042 1032//2042 1031//2042
f 1022//2043 1023//2043 1033//2043
f 1022//2044 1033//2044 1032//2044
f 1023//2045 1024//2045 1034//2045
f 1023//2046 1034//2046 1033//2046
f 1024//2047 1025//2047 1035//2047
f 1024//2048 1035//2048 1034//2048
f 1025//2049 1026//2049 1036//2049
f 1025//2050 1036//2050 1035//2050
f 1026//2051 1027//2051 1037//2051
f 1026//2052 1037//2052 1036//2052
f 1027//2053 1028//2053 1038//2053
f 1027//2054 1038//2054 1037//2054
f 1028//2055 1029//2055 1039//2055
f 1028//2056 1039//2056 1038//2056
f 1029//2057 1030//2057 1040//2057
f 1029//2058 1040//2058 1039//2058
f 1030//2059 1021//2059 1031//2059
f 1030//2060 1031//2060 1040//2060
f 1031//2061 1032//2061 1042//2061
f 1031//2062 1042//2062 1041//2062
f 1032//2063 1033//2063 1043//2063
f 1032//2064 1043//2064 1042//2064
f 1033//2065 1034//2065 1044//2065
f 1033//2066 1044//2066 1043//2066
f 1034//2067 1035//2067 1045//2067
f 1034//2068 1045//2068 1044//2068
f 1035//2069 1036//2069 1046//2069
f 1035//2070 1046//2070 1045//2070
f 1036//2071 1037//2071 1047//2071
f 1036//2072 1047//2072 1046//2072
f 1037//2073 1038//2073 1048//2073
f 1037//2074 1048//2074 1047//2074
f 1038//2075 1039//2075 1049//2075
f 1038//2076 1049//2076 1048//2076
f 1039//2077 1040//2077 1050//2077
f 1039//2078 1050//2078 1049//2078
f 1040//2079 1031//2079 1041//2079
f 1040//2080 1041//2080 1050//2080
f 1041//2081 1042//2081 1052//2081
f 1041//2082 1052//2082 1051//2082
f 1042//2083 1043//2083 1053//2083
f 1042//2084 1053//2084 1052//2084
f 1043//2085 1044//2085 1054//2085
f 1043//2086 1054//2086 1053//2086
f 1044//2087 1045//2087 1055//2087
f 1044//2088 1055//2088 1054//2088
f 1045//2089 1046//2089 1056//2089
f 1045//2090 1056//2090 1055//2090
f 1046//2091 1047//2091 1057//2091
f 1046//2092 1057//2092 1056//2092
f 1047//2093 1048//2093 1058//2093
f 1047//2094 1058//2094 1057//2094
f 1048//2095 1049//2095 1059//2095
f 1048//2096 1059//2096 1058//2096
f 1049//2097 1050//2097 1060//2097
f 1049//2098 1060//2098 1059//2098
f 1050//2099 1041//2099 1051//2099
f 1050//2100 1051//2100 1060//2100
f 1051//2101 1052//2101 1062//2101
f 1051//2102 1062//2102 1061//2102
f 1052//2103 1053//2103 1063//2103
f 1052//2104 1063//2104 1062//2104
f 1053//2105 1054//2105 1064//2105
f 1053//2106 1064//2106 1063//2106
f 1054//2107 1055//2107 1065//2107
f 1054//2108 1065//2108 1064//2108
f 1055//2109 1056//2109 1066//2109
f 1055//2110 1066//2110 1065//2110
f 1056//2111 1057//2111 1067//2111
f 1056//2112 1067//2112 1066//2112
f 1057//2113 1058//2113 1068//2113
f 1057//2114 1068//2114 1067//2114
f 1058//2115 1059//2115 1069//2115
f 1058//2116 1069//2116 1068//2116
f 1059//2117 1060//2117 1070//2117
f 1059//2118 1070//2118 1069//2118
f 1060//2119 1051//2119 1061//2119
f 1060//2120 1061//2120 1070//2120
f 1061//2121 1062//2121 1072//2121
f 1061//2122 1072//2122 1071//2122
f 1062//2123 1063//2123 1073//2123
f 1062//2124 1073//2124 1072//2124
f 1063//2125 1064//2125 1074//2125
f 1063//2126 1074//2126 1073//2126
f 1064//2127 1065//2127 1075//2127
f 1064//2128 1075//2128 1074//2128
f 1065//2129 1066//2129 1076//2129
f 1065//2130 1076//2130 1075//2130
f 1066//2131 1067//2131 1077//2131
f 1066//2132 1077//2132 1076//2132
f 1067//2133 1068//2133 1078//2133
f 1067//2134 1078//2134 1077//2134
f 1068//2135 1069//2135 1079//2135
f 1068//2136 1079//2136 1078//2136
f 1069//2137 1070//2137 1080//2137
f 1069//2138 1080//2138 1079//2138
f 1070//2139 1061//2139 1071//2139
f 1070//2140 1071//2140 1080//2140
f 1071//2141 1072//2141 1082//2141
f 1071//2142 1082//2142 1081//2142
f 1072//2143 1073//2143 1083//2143
f 1072//2144 1083//2144 1082//2144
f 1073//2145 1074//2145 1084//2145
f 1073//2146 1084//2146 1083//2146
f 1074//2147 1075//2147 1085//2147
f 1074//2148 1085//2148 1084//2148
f 1075//2149 1076//2149 1086//2149
f 1075//2150 1086//2150 1085//2150
f 1076//2151 1077//2151 1087//2151
f 1076//2152 1087//2152 1086//2152
f 1077//2153 1078//2153 1088//2153
f 1077//2154 1088//2154 1087//2154
f 1078//2155 1079//2155 1089//2155
f 1078//2156 1089//2156 1088//2156
f 1079//2157 1080//2157 1090//2157
f 1079//2158 1090//2158 1089//2158
f 1080//2159 1071//2159 1081//2159
f 1080//2160 1081//2160 1090//2160
f 1081//2161 1082//2161 1092//2161
f 1081//2162 1092//2162 1091//2162
f 1082//2163 1083//2163 1093//2163
f 1082//2164 1093//2164 1092//2164
f 1083//2165 1084//2165 1094//2165
f 1083//2166 1094//2166 1093//2166
f 1084//2167 1085//2167 1095//2167
f 1084//2168 1095//2168 1094//2168
f 1085//2169 1086//2169 1096//2169
f 1085//2170 1096//2170 1095//2170
f 1086//2171 1087//2171 1097//2171
f 1086//2172 1097//2172 1096//2172
f 1087//2173 1088//2173 1098//2173
f 1087//2174 1098//2174 1097//2174
f 1088//2175 1089//2175 1099//2175
f 1088//2176 1099//2176 1098//2176
f 1089//2177 1090//2177 1100//2177
f 1089//2178 1100//2178 1099//2178
f 1090//2179 1081//2179 1091//2179
f 1090//2180 1091//2180 1100//2180
f 1091//2181 1092//2181 2//2181
f 1091//2182 2//2182 1//2182
f 1092//2183 1093//2183 3//2183
f 1092//2184 3//2184 2//2184
f 1093//2185 1094//2185 4//2185
f 1093//2186 4//2186 3//2186
f 1094//2187 1095//2187 5//2187
f 1094//2188 5//2188 4//2188
f 1095//2189 1096//2189 6//2189
f 1095//2190 6//2190 5//2190
f 1096//2191 1097//2191 7//2191
f 1096//2192 7//2192 6//2192
f 1097//2193 1098//2193 8//2193
f 1097//2194 8//2194 7//2194
f 1098//2195 1099//2195 9//2195
f 1098//2196 9//2196 8//2196
f 1099//2197 1100//2197 10//2197
f 1099//2198 10//2198 9//2198
f 1100//2199 1091//2199 1//2199
f 1100//2200 1//2200 10//2200
